region,region_name,Projected Demand (%),Hospitalizations (Median),Lower Hospitalization Bound,Upper Hospitalization Bound,Lower Projected Demand Bound,Upper Projected Demand Bound,Total Hospitalizations (Range),Total Projected Demand (Range),Max Occupied Beds,Lower Max Occupied Beds,Upper Max Occupied Beds,Last Update
1,AL- BIRMINGHAM,84.2,1234,1211,1258,83.71,84.72,1234 [1211 - 1258],84.2% [83.71% - 84.72%],355,313,399,01-06-2021
2,AL- DOTHAN,84.44,197,192,203,83.84,85.2,197 [192 - 203],84.44% [83.84% - 85.2%],59,51,69,01-06-2021
5,AL- HUNTSVILLE,86.6,409,400,417,85.74,87.45,409 [400 - 417],86.6% [85.74% - 87.45%],124,108,140,01-06-2021
6,AL- MOBILE,83.82,371,364,378,83.4,84.31,371 [364 - 378],83.82% [83.4% - 84.31%],109,97,123,01-06-2021
7,AL- MONTGOMERY,84.79,253,248,258,84.27,85.5,253 [248 - 258],84.79% [84.27% - 85.5%],74,66,85,01-06-2021
9,AL- TUSCALOOSA,85.81,190,187,195,85.11,86.41,190 [187 - 195],85.81% [85.11% - 86.41%],58,51,64,01-06-2021
11,AZ- MESA,94.24,912,886,942,91.72,96.97,912 [886 - 942],94.24% [91.72% - 96.97%],282,232,336,01-06-2021
12,AZ- PHOENIX,88.98,2221,2159,2290,87.45,90.65,2221 [2159 - 2290],88.98% [87.45% - 90.65%],680,564,807,01-06-2021
14,AZ- SUN CITY,86.17,159,154,165,84.94,87.28,159 [154 - 165],86.17% [84.94% - 87.28%],50,40,59,01-06-2021
15,AZ- TUCSON,86.5,567,555,578,85.94,86.81,567 [555 - 578],86.5% [85.94% - 86.81%],164,150,172,01-06-2021
16,AR- FORT SMITH,83.51,144,140,148,82.89,84.14,144 [140 - 148],83.51% [82.89% - 84.14%],45,37,53,01-06-2021
18,AR- JONESBORO,82.21,70,68,71,82.1,82.32,70 [68 - 71],82.21% [82.1% - 82.32%],20,19,21,01-06-2021
19,AR- LITTLE ROCK,83.07,586,576,601,82.72,83.52,586 [576 - 601],83.07% [82.72% - 83.52%],177,157,203,01-06-2021
21,AR- SPRINGDALE,86.34,224,219,230,85.49,87.38,224 [219 - 230],86.34% [85.49% - 87.38%],67,58,78,01-06-2021
22,AR- TEXARKANA,81.43,48,47,50,81.43,81.43,48 [47 - 50],81.43% [81.43% - 81.43%],14,14,14,01-06-2021
23,CA- ORANGE CO.,85.19,1386,1353,1420,84.77,85.57,1386 [1353 - 1420],85.19% [84.77% - 85.57%],397,365,426,01-06-2021
25,CA- BAKERSFIELD,83.73,470,462,479,83.57,83.93,470 [462 - 479],83.73% [83.57% - 83.93%],135,129,142,01-06-2021
31,CA- CHICO,82.66,56,55,57,82.34,82.66,56 [55 - 57],82.66% [82.34% - 82.66%],17,15,17,01-06-2021
33,CA- CONTRA COSTA CO.,82.95,196,192,200,82.8,83.1,196 [192 - 200],82.95% [82.8% - 83.1%],59,56,62,01-06-2021
43,CA- FRESNO,84.82,382,372,391,84.51,85.21,382 [372 - 391],84.82% [84.51% - 85.21%],110,103,119,01-06-2021
56,CA- LOS ANGELES,89.64,7514,7318,7733,88.16,91.3,7514 [7318 - 7733],89.64% [88.16% - 91.3%],2391,2024,2803,01-06-2021
58,CA- MODESTO,84.77,277,272,283,84.42,84.94,277 [272 - 283],84.77% [84.42% - 84.94%],82,76,85,01-06-2021
62,CA- NAPA,82.75,55,54,56,82.41,83.09,55 [54 - 56],82.75% [82.41% - 83.09%],16,14,18,01-06-2021
65,CA- ALAMEDA CO.,82.43,287,281,292,82.31,82.55,287 [281 - 292],82.43% [82.31% - 82.55%],82,78,86,01-06-2021
69,CA- PALM SPR/RANCHO MIR.,88.07,262,255,269,86.84,89.4,262 [255 - 269],88.07% [86.84% - 89.4%],85,72,99,01-06-2021
73,CA- REDDING,81.29,49,48,50,81.2,81.29,49 [48 - 50],81.29% [81.2% - 81.29%],14,13,14,01-06-2021
77,CA- SACRAMENTO,83.41,567,556,580,82.95,83.93,567 [556 - 580],83.41% [82.95% - 83.93%],163,141,188,01-06-2021
78,CA- SALINAS,86.68,173,169,177,85.67,87.69,173 [169 - 177],86.68% [85.67% - 87.69%],53,45,61,01-06-2021
79,CA- SAN BERNARDINO,95.44,2727,2641,2818,92.68,98.4,2727 [2641 - 2818],95.44% [92.68% - 98.4%],893,733,1064,01-06-2021
80,CA- SAN DIEGO,88.82,1953,1908,2004,87.62,90.18,1953 [1908 - 2004],88.82% [87.62% - 90.18%],620,536,716,01-06-2021
81,CA- SAN FRANCISCO,81.2,210,206,215,81.14,81.26,210 [206 - 215],81.2% [81.14% - 81.26%],61,58,64,01-06-2021
82,CA- SAN JOSE,85.95,604,592,616,85.25,86.68,604 [592 - 616],85.95% [85.25% - 86.68%],180,159,202,01-06-2021
83,CA- SAN LUIS OBISPO,85.92,89,88,91,85.48,86.8,89 [88 - 91],85.92% [85.48% - 86.8%],27,25,31,01-06-2021
85,CA- SAN MATEO CO.,81.82,172,168,175,81.74,81.89,172 [168 - 175],81.82% [81.74% - 81.89%],49,47,51,01-06-2021
86,CA- SANTA BARBARA,83.21,105,104,108,82.9,83.42,105 [104 - 108],83.21% [82.9% - 83.42%],31,28,33,01-06-2021
87,CA- SANTA CRUZ,86.69,80,78,82,85.85,87.52,80 [78 - 82],86.69% [85.85% - 87.52%],24,21,27,01-06-2021
89,CA- SANTA ROSA,81.67,98,95,100,81.4,81.93,98 [95 - 100],81.67% [81.4% - 81.93%],31,26,36,01-06-2021
91,CA- STOCKTON,85.27,180,176,184,84.99,85.64,180 [176 - 184],85.27% [84.99% - 85.64%],56,53,60,01-06-2021
96,CA- VENTURA,88.33,438,430,447,87.44,89.35,438 [430 - 447],88.33% [87.44% - 89.35%],131,117,147,01-06-2021
101,CO- BOULDER,82.11,35,34,35,81.89,82.11,35 [34 - 35],82.11% [81.89% - 82.11%],10,9,10,01-06-2021
102,CO- COLORADO SPRINGS,83.96,133,130,136,83.67,84.35,133 [130 - 136],83.96% [83.67% - 84.35%],41,38,45,01-06-2021
103,CO- DENVER,82.68,424,416,432,82.53,82.81,424 [416 - 432],82.68% [82.53% - 82.81%],128,121,134,01-06-2021
104,CO- FORT COLLINS,81.41,33,32,34,81.41,81.56,33 [32 - 34],81.41% [81.41% - 81.56%],9,9,10,01-06-2021
105,CO- GRAND JUNCTION,82.65,71,69,73,82.4,82.65,71 [69 - 73],82.65% [82.4% - 82.65%],21,19,21,01-06-2021
106,CO- GREELEY,82.19,58,57,59,82.19,82.32,58 [57 - 59],82.19% [82.19% - 82.32%],17,17,18,01-06-2021
107,CO- PUEBLO,80.88,25,24,26,80.88,81.0,25 [24 - 26],80.88% [80.88% - 81.0%],7,7,8,01-06-2021
109,CT- BRIDGEPORT,83.24,171,168,176,83.13,83.48,171 [168 - 176],83.24% [83.13% - 83.48%],55,53,59,01-06-2021
110,CT- HARTFORD,84.12,457,449,468,83.84,84.33,457 [449 - 468],84.12% [83.84% - 84.33%],134,125,141,01-06-2021
111,CT- NEW HAVEN,83.56,470,462,482,83.37,83.76,470 [462 - 482],83.56% [83.37% - 83.76%],137,130,145,01-06-2021
112,DE- WILMINGTON,83.17,200,196,204,83.06,83.33,200 [196 - 204],83.17% [83.06% - 83.33%],59,57,62,01-06-2021
113,DC- WASHINGTON,84.04,775,762,791,83.86,84.19,775 [762 - 791],84.04% [83.86% - 84.19%],222,212,230,01-06-2021
115,FL- BRADENTON,82.82,68,67,69,82.54,83.1,68 [67 - 69],82.82% [82.54% - 83.1%],20,18,22,01-06-2021
116,FL- CLEARWATER,82.14,112,110,115,81.89,82.44,112 [110 - 115],82.14% [81.89% - 82.44%],35,31,40,01-06-2021
118,FL- FORT LAUDERDALE,82.1,611,600,625,81.85,82.4,611 [600 - 625],82.1% [81.85% - 82.4%],183,161,209,01-06-2021
119,FL- FORT MYERS,81.99,258,253,264,81.75,82.2,258 [253 - 264],81.99% [81.75% - 82.2%],76,67,84,01-06-2021
120,FL- GAINESVILLE,82.01,123,119,126,81.68,82.34,123 [119 - 126],82.01% [81.68% - 82.34%],37,31,43,01-06-2021
122,FL- HUDSON,82.0,82,80,84,81.76,82.32,82 [80 - 84],82.0% [81.76% - 82.32%],25,22,29,01-06-2021
123,FL- JACKSONVILLE,82.91,493,485,502,82.61,83.26,493 [485 - 502],82.91% [82.61% - 83.26%],143,128,160,01-06-2021
124,FL- LAKELAND,82.62,98,96,100,82.43,82.72,98 [96 - 100],82.62% [82.43% - 82.72%],28,26,29,01-06-2021
127,FL- MIAMI,82.88,1060,1041,1083,82.56,83.28,1060 [1041 - 1083],82.88% [82.56% - 83.28%],311,276,354,01-06-2021
129,FL- OCALA,82.85,128,125,131,82.49,83.29,128 [125 - 131],82.85% [82.49% - 83.29%],39,34,45,01-06-2021
130,FL- ORLANDO,82.61,892,874,911,82.3,82.96,892 [874 - 911],82.61% [82.3% - 82.96%],270,238,307,01-06-2021
131,FL- ORMOND BEACH,81.33,71,70,73,81.15,81.45,71 [70 - 73],81.33% [81.15% - 81.45%],22,19,24,01-06-2021
133,FL- PANAMA CITY,82.56,56,55,58,82.26,82.86,56 [55 - 58],82.56% [82.26% - 82.86%],17,15,19,01-06-2021
134,FL- PENSACOLA,83.19,253,247,257,82.77,83.58,253 [247 - 257],83.19% [82.77% - 83.58%],75,65,84,01-06-2021
137,FL- SARASOTA,81.45,76,74,77,81.31,81.52,76 [74 - 77],81.45% [81.31% - 81.52%],21,19,22,01-06-2021
139,FL- ST PETERSBURG,81.81,93,91,95,81.56,82.07,93 [91 - 95],81.81% [81.56% - 82.07%],29,25,33,01-06-2021
140,FL- TALLAHASSEE,83.78,331,324,338,83.34,84.3,331 [324 - 338],83.78% [83.34% - 84.3%],102,90,116,01-06-2021
141,FL- TAMPA,82.79,375,366,384,82.42,83.19,375 [366 - 384],82.79% [82.42% - 83.19%],119,103,136,01-06-2021
142,GA- ALBANY,82.16,73,71,75,81.98,82.63,73 [71 - 75],82.16% [81.98% - 82.63%],23,21,28,01-06-2021
144,GA- ATLANTA,87.31,2902,2845,2964,86.41,88.25,2902 [2845 - 2964],87.31% [86.41% - 88.25%],876,768,988,01-06-2021
145,GA- AUGUSTA,83.99,315,308,323,83.42,84.6,315 [308 - 323],83.99% [83.42% - 84.6%],98,84,113,01-06-2021
146,GA- COLUMBUS,82.86,118,116,122,82.54,83.34,118 [116 - 122],82.86% [82.54% - 83.34%],36,32,42,01-06-2021
147,GA- MACON,85.23,388,381,396,84.61,85.9,388 [381 - 396],85.23% [84.61% - 85.9%],117,103,132,01-06-2021
148,GA- ROME,84.92,125,122,128,84.51,85.19,125 [122 - 128],84.92% [84.51% - 85.19%],36,33,38,01-06-2021
149,GA- SAVANNAH,83.55,243,238,248,83.06,83.98,243 [238 - 248],83.55% [83.06% - 83.98%],73,63,82,01-06-2021
151,ID- BOISE,82.07,142,139,144,81.97,82.17,142 [139 - 144],82.07% [81.97% - 82.17%],43,41,45,01-06-2021
152,ID- IDAHO FALLS,81.74,28,27,28,81.74,81.74,28 [27 - 28],81.74% [81.74% - 81.74%],8,8,8,01-06-2021
154,IL- AURORA,83.8,69,67,71,83.42,83.98,69 [67 - 71],83.8% [83.42% - 83.98%],20,18,21,01-06-2021
155,IL- BLUE ISLAND,81.14,91,89,92,81.1,81.22,91 [89 - 92],81.14% [81.1% - 81.22%],29,28,31,01-06-2021
156,IL- CHICAGO,81.13,300,296,305,81.09,81.18,300 [296 - 305],81.13% [81.09% - 81.18%],97,93,101,01-06-2021
158,IL- ELGIN,82.95,106,104,108,82.85,83.13,106 [104 - 108],82.95% [82.85% - 83.13%],32,31,34,01-06-2021
161,IL- EVANSTON,81.61,123,121,125,81.53,81.7,123 [121 - 125],81.61% [81.53% - 81.7%],39,37,41,01-06-2021
163,IL- HINSDALE,82.18,84,82,86,82.0,82.27,84 [82 - 86],82.18% [82.0% - 82.27%],24,22,25,01-06-2021
164,IL- JOLIET,82.56,114,111,116,82.49,82.64,114 [111 - 116],82.56% [82.49% - 82.64%],34,33,35,01-06-2021
166,IL- MELROSE PARK,81.84,187,184,190,81.78,81.94,187 [184 - 190],81.84% [81.78% - 81.94%],57,55,60,01-06-2021
170,IL- PEORIA,82.04,129,127,133,81.88,82.04,129 [127 - 133],82.04% [81.88% - 82.04%],38,35,38,01-06-2021
171,IL- ROCKFORD,82.16,112,110,114,82.02,82.29,112 [110 - 114],82.16% [82.02% - 82.29%],33,31,35,01-06-2021
172,IL- SPRINGFIELD,81.93,166,163,170,81.77,82.08,166 [163 - 170],81.93% [81.77% - 82.08%],49,45,53,01-06-2021
173,IL- URBANA,82.6,93,91,95,82.6,82.69,93 [91 - 95],82.6% [82.6% - 82.69%],27,27,28,01-06-2021
175,IL- BLOOMINGTON,84.12,35,35,36,84.12,84.49,35 [35 - 36],84.12% [84.12% - 84.49%],11,11,12,01-06-2021
179,IN- EVANSVILLE,84.3,291,284,296,83.67,84.74,291 [284 - 296],84.3% [83.67% - 84.74%],88,75,97,01-06-2021
180,IN- FORT WAYNE,82.98,225,221,230,82.8,83.16,225 [221 - 230],82.98% [82.8% - 83.16%],66,62,70,01-06-2021
181,IN- GARY,82.66,138,136,141,82.52,82.86,138 [136 - 141],82.66% [82.52% - 82.86%],40,38,43,01-06-2021
183,IN- INDIANAPOLIS,84.44,978,962,995,84.3,84.63,978 [962 - 995],84.44% [84.3% - 84.63%],285,276,297,01-06-2021
184,IN- LAFAYETTE,83.37,84,83,86,83.1,83.51,84 [83 - 86],83.37% [83.1% - 83.51%],25,23,26,01-06-2021
185,IN- MUNCIE,82.39,35,34,36,82.39,82.63,35 [34 - 36],82.39% [82.39% - 82.63%],10,10,11,01-06-2021
186,IN- MUNSTER,81.82,70,69,72,81.73,81.91,70 [69 - 72],81.82% [81.73% - 81.91%],21,20,22,01-06-2021
187,IN- SOUTH BEND,82.75,142,139,144,82.68,83.01,142 [139 - 144],82.75% [82.68% - 83.01%],42,41,46,01-06-2021
188,IN- TERRE HAUTE,83.15,58,57,60,82.78,83.15,58 [57 - 60],83.15% [82.78% - 83.15%],17,15,17,01-06-2021
190,IA- CEDAR RAPIDS,80.81,28,27,29,80.72,80.9,28 [27 - 29],80.81% [80.72% - 80.9%],9,8,10,01-06-2021
191,IA- DAVENPORT,80.94,64,62,66,80.81,80.94,64 [62 - 66],80.94% [80.81% - 80.94%],21,18,21,01-06-2021
192,IA- DES MOINES,81.55,171,166,175,81.4,81.67,171 [166 - 175],81.55% [81.4% - 81.67%],51,46,55,01-06-2021
193,IA- DUBUQUE,81.1,15,14,16,80.92,81.1,15 [14 - 16],81.1% [80.92% - 81.1%],6,5,6,01-06-2021
194,IA- IOWA CITY,80.82,52,50,54,80.72,80.82,52 [50 - 54],80.82% [80.72% - 80.82%],16,14,16,01-06-2021
195,IA- MASON CITY,81.09,24,23,26,80.95,81.23,24 [23 - 26],81.09% [80.95% - 81.23%],8,7,9,01-06-2021
196,IA- SIOUX CITY,80.88,32,31,33,80.8,80.88,32 [31 - 33],80.88% [80.8% - 80.88%],10,9,10,01-06-2021
197,IA- WATERLOO,81.56,35,35,35,81.41,81.72,35 [35 - 35],81.56% [81.41% - 81.72%],10,9,11,01-06-2021
200,KS- TOPEKA,81.55,82,80,85,81.36,81.87,82 [80 - 85],81.55% [81.36% - 81.87%],24,21,29,01-06-2021
201,KS- WICHITA,81.76,289,280,303,81.43,82.32,289 [280 - 303],81.76% [81.43% - 82.32%],87,71,115,01-06-2021
203,KY- COVINGTON,81.82,67,66,68,81.73,81.91,67 [66 - 68],81.82% [81.73% - 81.91%],20,19,21,01-06-2021
204,KY- LEXINGTON,82.04,363,357,375,81.82,82.5,363 [357 - 375],82.04% [81.82% - 82.5%],106,95,130,01-06-2021
205,KY- LOUISVILLE,82.68,444,436,455,82.37,83.11,444 [436 - 455],82.68% [82.37% - 83.11%],129,114,150,01-06-2021
207,KY- OWENSBORO,82.33,36,35,37,82.12,82.75,36 [35 - 37],82.33% [82.12% - 82.75%],11,10,13,01-06-2021
208,KY- PADUCAH,81.54,86,84,88,81.29,81.73,86 [84 - 88],81.54% [81.29% - 81.73%],25,21,28,01-06-2021
209,LA- ALEXANDRIA,81.92,63,61,64,81.61,82.12,63 [61 - 64],81.92% [81.61% - 82.12%],19,16,21,01-06-2021
210,LA- BATON ROUGE,82.14,182,178,186,81.94,82.3,182 [178 - 186],82.14% [81.94% - 82.3%],53,48,57,01-06-2021
212,LA- HOUMA,82.85,65,63,66,82.43,83.0,65 [63 - 66],82.85% [82.43% - 83.0%],20,17,21,01-06-2021
213,LA- LAFAYETTE,81.67,118,116,120,81.53,81.67,118 [116 - 120],81.67% [81.53% - 81.67%],36,33,36,01-06-2021
214,LA- LAKE CHARLES,82.2,70,68,71,82.08,82.31,70 [68 - 71],82.2% [82.08% - 82.31%],19,18,20,01-06-2021
216,LA- METAIRIE,83.17,103,102,106,83.07,83.36,103 [102 - 106],83.17% [83.07% - 83.36%],32,31,34,01-06-2021
217,LA- MONROE,82.27,77,76,78,82.16,82.38,77 [76 - 78],82.27% [82.16% - 82.38%],21,20,22,01-06-2021
218,LA- NEW ORLEANS,81.98,163,160,167,81.77,82.27,163 [160 - 167],81.98% [81.77% - 82.27%],48,43,55,01-06-2021
219,LA- SHREVEPORT,81.72,156,153,159,81.61,81.79,156 [153 - 159],81.72% [81.61% - 81.79%],47,44,49,01-06-2021
220,LA- SLIDELL,82.78,49,48,50,82.58,82.78,49 [48 - 50],82.78% [82.58% - 82.78%],14,13,14,01-06-2021
221,ME- BANGOR,81.19,43,42,44,81.01,81.28,43 [42 - 44],81.19% [81.01% - 81.28%],13,11,14,01-06-2021
222,ME- PORTLAND,81.98,174,171,178,81.75,82.25,174 [171 - 178],81.98% [81.75% - 82.25%],52,46,59,01-06-2021
223,MD- BALTIMORE,82.82,658,646,670,82.48,83.16,658 [646 - 670],82.82% [82.48% - 83.16%],190,167,213,01-06-2021
225,MD- SALISBURY,85.02,158,156,163,84.59,85.76,158 [156 - 163],85.02% [84.59% - 85.76%],47,43,54,01-06-2021
226,MD- TAKOMA PARK,86.37,280,275,285,86.14,86.6,280 [275 - 285],86.37% [86.14% - 86.6%],82,79,85,01-06-2021
227,MA- BOSTON,83.12,1161,1138,1183,82.73,83.5,1161 [1138 - 1183],83.12% [82.73% - 83.5%],343,300,384,01-06-2021
230,MA- SPRINGFIELD,82.94,154,150,157,82.56,83.31,154 [150 - 157],82.94% [82.56% - 83.31%],47,41,53,01-06-2021
231,MA- WORCESTER,84.26,224,220,230,83.71,84.81,224 [220 - 230],84.26% [83.71% - 84.81%],70,61,79,01-06-2021
232,MI- ANN ARBOR,81.26,140,138,145,81.19,81.38,140 [138 - 145],81.26% [81.19% - 81.38%],41,39,45,01-06-2021
233,MI- DEARBORN,80.79,42,41,44,80.67,80.91,42 [41 - 44],80.79% [80.67% - 80.91%],13,11,15,01-06-2021
234,MI- DETROIT,80.88,140,136,143,80.82,80.97,140 [136 - 143],80.88% [80.82% - 80.97%],41,38,45,01-06-2021
235,MI- FLINT,80.98,43,42,44,80.9,81.06,43 [42 - 44],80.98% [80.9% - 81.06%],13,12,14,01-06-2021
236,MI- GRAND RAPIDS,81.82,141,138,145,81.73,81.99,141 [138 - 145],81.82% [81.73% - 81.99%],42,40,46,01-06-2021
238,MI- KALAMAZOO,81.35,70,68,71,81.29,81.42,70 [68 - 71],81.35% [81.29% - 81.42%],20,19,21,01-06-2021
239,MI- LANSING,81.69,90,88,94,81.63,81.76,90 [88 - 94],81.69% [81.63% - 81.76%],26,25,27,01-06-2021
240,MI- MARQUETTE,80.61,7,7,8,80.61,80.61,7 [7 - 8],80.61% [80.61% - 80.61%],3,3,3,01-06-2021
242,MI- MUSKEGON,81.12,21,20,22,80.93,81.31,21 [20 - 22],81.12% [80.93% - 81.31%],6,5,7,01-06-2021
243,MI- PETOSKEY,80.87,7,7,7,80.87,80.87,7 [7 - 7],80.87% [80.87% - 80.87%],3,3,3,01-06-2021
244,MI- PONTIAC,81.1,42,42,43,81.01,81.18,42 [42 - 43],81.1% [81.01% - 81.18%],13,12,14,01-06-2021
245,MI- ROYAL OAK,80.79,70,69,71,80.76,80.83,70 [69 - 71],80.79% [80.76% - 80.83%],21,20,22,01-06-2021
246,MI- SAGINAW,80.95,70,68,71,80.86,81.0,70 [68 - 71],80.95% [80.86% - 81.0%],20,18,21,01-06-2021
248,MI- ST JOSEPH,81.66,14,14,15,81.66,81.99,14 [14 - 15],81.66% [81.66% - 81.99%],5,5,6,01-06-2021
249,MI- TRAVERSE CITY,81.38,21,20,21,80.98,81.38,21 [20 - 21],81.38% [80.98% - 81.38%],7,5,7,01-06-2021
250,MN- DULUTH,80.86,32,31,33,80.86,80.95,32 [31 - 33],80.86% [80.86% - 80.95%],10,10,11,01-06-2021
251,MN- MINNEAPOLIS,81.06,289,282,294,81.01,81.15,289 [282 - 294],81.06% [81.01% - 81.15%],90,86,98,01-06-2021
253,MN- ROCHESTER,80.81,69,67,71,80.69,80.85,69 [67 - 71],80.81% [80.69% - 80.85%],21,18,22,01-06-2021
254,MN- ST CLOUD,80.85,21,20,21,80.85,80.85,21 [20 - 21],80.85% [80.85% - 80.85%],6,6,6,01-06-2021
256,MN- ST PAUL,81.44,104,102,107,81.36,81.53,104 [102 - 107],81.44% [81.36% - 81.53%],33,31,35,01-06-2021
257,MS- GULFPORT,81.55,40,39,41,81.42,81.68,40 [39 - 41],81.55% [81.42% - 81.68%],12,11,13,01-06-2021
258,MS- HATTIESBURG,81.74,71,69,73,81.57,82.07,71 [69 - 73],81.74% [81.57% - 82.07%],21,19,25,01-06-2021
259,MS- JACKSON,81.34,207,203,212,81.23,81.5,207 [203 - 212],81.34% [81.23% - 81.5%],60,55,67,01-06-2021
260,MS- MERIDIAN,81.12,37,36,39,81.02,81.33,37 [36 - 39],81.12% [81.02% - 81.33%],11,10,13,01-06-2021
261,MS- OXFORD,81.57,35,34,36,81.41,81.57,35 [34 - 36],81.57% [81.41% - 81.57%],10,9,10,01-06-2021
262,MS- TUPELO,82.15,119,117,121,81.84,82.33,119 [117 - 121],82.15% [81.84% - 82.33%],35,30,38,01-06-2021
263,MO- CAPE GIRARDEAU,81.27,49,48,50,81.27,81.46,49 [48 - 50],81.27% [81.27% - 81.46%],13,13,15,01-06-2021
264,MO- COLUMBIA,82.01,132,130,136,81.9,82.17,132 [130 - 136],82.01% [81.9% - 82.17%],37,35,40,01-06-2021
267,MO- JOPLIN,82.94,98,94,102,82.52,83.35,98 [94 - 102],82.94% [82.52% - 83.35%],28,24,32,01-06-2021
268,MO- KANSAS CITY,81.11,303,295,309,81.05,81.19,303 [295 - 309],81.11% [81.05% - 81.19%],88,83,94,01-06-2021
270,MO- SPRINGFIELD,82.5,168,164,171,82.25,82.65,168 [164 - 171],82.5% [82.25% - 82.65%],49,44,52,01-06-2021
273,MO- ST LOUIS,81.69,718,705,735,81.61,81.79,718 [705 - 735],81.69% [81.61% - 81.79%],206,197,218,01-06-2021
274,MT- BILLINGS,80.81,60,59,61,80.81,80.86,60 [59 - 61],80.81% [80.81% - 80.86%],18,18,19,01-06-2021
275,MT- GREAT FALLS,80.25,7,7,7,80.25,80.25,7 [7 - 7],80.25% [80.25% - 80.25%],2,2,2,01-06-2021
276,MT- MISSOULA,80.95,35,35,36,80.86,80.95,35 [35 - 36],80.95% [80.86% - 80.95%],11,10,11,01-06-2021
277,NE- LINCOLN,80.98,61,60,64,80.93,81.03,61 [60 - 64],80.98% [80.93% - 81.03%],18,17,19,01-06-2021
278,NE- OMAHA,80.93,169,165,172,80.88,80.95,169 [165 - 172],80.93% [80.88% - 80.95%],51,48,52,01-06-2021
279,NV- LAS VEGAS,84.12,587,576,597,83.94,84.31,587 [576 - 597],84.12% [83.94% - 84.31%],168,161,176,01-06-2021
280,NV- RENO,83.02,198,194,203,82.71,83.28,198 [194 - 203],83.02% [82.71% - 83.28%],58,52,63,01-06-2021
281,NH- LEBANON,80.62,21,21,22,80.62,80.62,21 [21 - 22],80.62% [80.62% - 80.62%],6,6,6,01-06-2021
282,NH- MANCHESTER,81.27,87,85,89,81.11,81.37,87 [85 - 89],81.27% [81.11% - 81.37%],25,22,27,01-06-2021
283,NJ- CAMDEN,84.03,1126,1105,1147,83.86,84.16,1126 [1105 - 1147],84.03% [83.86% - 84.16%],322,308,332,01-06-2021
284,NJ- HACKENSACK,83.3,416,409,424,83.14,83.43,416 [409 - 424],83.3% [83.14% - 83.43%],123,117,128,01-06-2021
285,NJ- MORRISTOWN,84.3,288,282,292,84.05,84.46,288 [282 - 292],84.3% [84.05% - 84.46%],83,78,86,01-06-2021
288,NJ- NEW BRUNSWICK,83.33,303,297,307,83.15,83.4,303 [297 - 307],83.33% [83.15% - 83.4%],92,87,94,01-06-2021
289,NJ- NEWARK,82.94,496,487,504,82.8,83.04,496 [487 - 504],82.94% [82.8% - 83.04%],143,136,148,01-06-2021
291,NJ- PATERSON,82.46,101,98,104,82.29,82.72,101 [98 - 104],82.46% [82.29% - 82.72%],29,27,32,01-06-2021
292,NJ- RIDGEWOOD,86.06,159,156,161,85.81,86.31,159 [156 - 161],86.06% [85.81% - 86.31%],48,46,50,01-06-2021
293,NM- ALBUQUERQUE,83.81,443,435,452,83.63,84.08,443 [435 - 452],83.81% [83.63% - 84.08%],128,122,137,01-06-2021
295,NY- ALBANY,85.17,866,850,883,84.56,85.78,866 [850 - 883],85.17% [84.56% - 85.78%],255,225,285,01-06-2021
296,NY- BINGHAMTON,83.88,123,121,126,83.66,83.88,123 [121 - 126],83.88% [83.66% - 83.88%],36,34,36,01-06-2021
297,NY- BRONX,84.28,535,528,544,84.17,84.48,535 [528 - 544],84.28% [84.17% - 84.48%],155,151,162,01-06-2021
299,NY- BUFFALO,84.09,497,487,506,83.89,84.23,497 [487 - 506],84.09% [83.89% - 84.23%],147,140,152,01-06-2021
300,NY- ELMIRA,85.66,213,209,217,85.39,86.04,213 [209 - 217],85.66% [85.39% - 86.04%],61,58,65,01-06-2021
301,NY- EAST LONG ISLAND,86.46,2343,2310,2374,86.24,86.69,2343 [2310 - 2374],86.46% [86.24% - 86.69%],707,683,732,01-06-2021
304,NY- ROCHESTER,85.54,547,538,557,85.41,85.81,547 [538 - 557],85.54% [85.41% - 85.81%],164,160,172,01-06-2021
307,NY- SYRACUSE,85.24,513,504,522,85.06,85.38,513 [504 - 522],85.24% [85.06% - 85.38%],148,143,152,01-06-2021
308,NY- WHITE PLAINS,85.19,503,496,511,84.98,85.39,503 [496 - 511],85.19% [84.98% - 85.39%],154,148,160,01-06-2021
309,NC- ASHEVILLE,83.25,197,192,201,82.82,83.78,197 [192 - 201],83.25% [82.82% - 83.78%],61,53,71,01-06-2021
311,NC- CHARLOTTE,84.7,900,881,920,84.11,85.33,900 [881 - 920],84.7% [84.11% - 85.33%],272,238,309,01-06-2021
312,NC- DURHAM,82.27,353,347,361,82.01,82.58,353 [347 - 361],82.27% [82.01% - 82.58%],105,93,119,01-06-2021
313,NC- GREENSBORO,82.9,169,165,174,82.51,83.34,169 [165 - 174],82.9% [82.51% - 83.34%],52,45,60,01-06-2021
314,NC- GREENVILLE,83.39,274,269,284,82.99,84.07,274 [269 - 284],83.39% [82.99% - 84.07%],85,75,102,01-06-2021
315,NC- HICKORY,84.41,112,110,114,83.88,84.81,112 [110 - 114],84.41% [83.88% - 84.81%],33,29,36,01-06-2021
318,NC- RALEIGH,83.42,498,489,508,83.02,83.78,498 [489 - 508],83.42% [83.02% - 83.78%],145,128,160,01-06-2021
319,NC- WILMINGTON,82.63,104,102,106,82.22,82.96,104 [102 - 106],82.63% [82.22% - 82.96%],32,27,36,01-06-2021
320,NC- WINSTON-SALEM,82.72,329,323,337,82.36,83.1,329 [323 - 337],82.72% [82.36% - 83.1%],100,87,114,01-06-2021
321,ND- BISMARCK,80.48,14,14,15,80.36,80.6,14 [14 - 15],80.48% [80.36% - 80.6%],4,3,5,01-06-2021
322,ND- FARGO MOORHEAD -MN,80.59,39,38,40,80.54,80.64,39 [38 - 40],80.59% [80.54% - 80.64%],12,11,13,01-06-2021
323,ND- GRAND FORKS,80.51,11,10,12,80.51,80.51,11 [10 - 12],80.51% [80.51% - 80.51%],3,3,3,01-06-2021
324,ND- MINOT,80.29,7,6,7,80.29,80.29,7 [6 - 7],80.29% [80.29% - 80.29%],2,2,2,01-06-2021
325,OH- AKRON,81.61,127,124,129,81.53,81.69,127 [124 - 129],81.61% [81.53% - 81.69%],39,37,41,01-06-2021
326,OH- CANTON,81.75,121,118,123,81.61,81.8,121 [118 - 123],81.75% [81.61% - 81.8%],37,34,38,01-06-2021
327,OH- CINCINNATI,82.63,430,423,438,82.54,82.73,430 [423 - 438],82.63% [82.54% - 82.73%],126,122,131,01-06-2021
328,OH- CLEVELAND,81.34,382,377,388,81.29,81.39,382 [377 - 388],81.34% [81.29% - 81.39%],118,114,123,01-06-2021
329,OH- COLUMBUS,82.5,775,761,790,82.42,82.61,775 [761 - 790],82.5% [82.42% - 82.61%],224,217,234,01-06-2021
330,OH- DAYTON,82.33,260,256,265,82.2,82.45,260 [256 - 265],82.33% [82.2% - 82.45%],76,72,80,01-06-2021
331,OH- ELYRIA,82.21,53,52,54,82.07,82.34,53 [52 - 54],82.21% [82.07% - 82.34%],16,15,17,01-06-2021
332,OH- KETTERING,82.77,111,109,113,82.42,82.94,111 [109 - 113],82.77% [82.42% - 82.94%],32,28,34,01-06-2021
334,OH- TOLEDO,81.5,218,215,223,81.43,81.55,218 [215 - 223],81.5% [81.43% - 81.55%],63,60,65,01-06-2021
335,OH- YOUNGSTOWN,81.27,110,107,113,81.15,81.35,110 [107 - 113],81.27% [81.15% - 81.35%],33,30,35,01-06-2021
336,OK- LAWTON,82.38,56,55,58,82.24,82.38,56 [55 - 58],82.38% [82.24% - 82.38%],17,16,17,01-06-2021
339,OK- OKLAHOMA CITY,82.45,549,540,560,82.33,82.54,549 [540 - 560],82.45% [82.33% - 82.54%],161,153,167,01-06-2021
340,OK- TULSA,82.47,428,421,436,82.19,82.71,428 [421 - 436],82.47% [82.19% - 82.71%],124,110,136,01-06-2021
341,OR- BEND,82.22,28,28,29,81.98,82.22,28 [28 - 29],82.22% [81.98% - 82.22%],9,8,9,01-06-2021
342,OR- EUGENE,81.36,54,53,55,81.19,81.45,54 [53 - 55],81.36% [81.19% - 81.45%],16,14,17,01-06-2021
343,OR- MEDFORD,81.76,56,55,58,81.55,81.87,56 [55 - 58],81.76% [81.55% - 81.87%],17,15,18,01-06-2021
344,OR- PORTLAND,81.53,280,275,286,81.49,81.62,280 [275 - 286],81.53% [81.49% - 81.62%],80,78,85,01-06-2021
345,OR- SALEM,84.36,63,63,65,84.13,84.36,63 [63 - 65],84.36% [84.13% - 84.36%],19,18,19,01-06-2021
346,PA- ALLENTOWN,82.98,329,318,337,82.72,83.14,329 [318 - 337],82.98% [82.72% - 83.14%],94,86,99,01-06-2021
347,PA- ALTOONA,82.73,63,61,66,82.45,83.17,63 [61 - 66],82.73% [82.45% - 83.17%],19,17,22,01-06-2021
350,PA- DANVILLE,82.57,129,126,133,82.37,82.9,129 [126 - 133],82.57% [82.37% - 82.9%],39,36,44,01-06-2021
351,PA- ERIE,82.25,174,169,179,81.98,82.47,174 [169 - 179],82.25% [81.98% - 82.47%],50,44,55,01-06-2021
352,PA- HARRISBURG,82.88,228,220,234,82.66,83.14,228 [220 - 234],82.88% [82.66% - 83.14%],66,61,72,01-06-2021
354,PA- JOHNSTOWN,81.89,41,39,42,81.62,81.89,41 [39 - 42],81.89% [81.62% - 81.89%],14,12,14,01-06-2021
355,PA- LANCASTER,83.53,146,140,153,82.69,84.28,146 [140 - 153],83.53% [82.69% - 84.28%],42,32,51,01-06-2021
356,PA- PHILADELPHIA,81.85,795,775,815,81.73,81.94,795 [775 - 815],81.85% [81.73% - 81.94%],230,215,242,01-06-2021
357,PA- PITTSBURGH,81.65,667,647,686,81.53,81.76,667 [647 - 686],81.65% [81.53% - 81.76%],193,178,205,01-06-2021
358,PA- READING,83.23,155,151,159,83.02,83.37,155 [151 - 159],83.23% [83.02% - 83.37%],46,43,48,01-06-2021
359,PA- SAYRE,82.76,42,41,43,82.55,82.76,42 [41 - 43],82.76% [82.55% - 82.76%],13,12,13,01-06-2021
360,PA- SCRANTON,82.49,77,75,78,82.38,82.49,77 [75 - 78],82.49% [82.38% - 82.49%],22,21,22,01-06-2021
362,PA- WILKES-BARRE,82.6,55,54,57,82.44,82.75,55 [54 - 57],82.6% [82.44% - 82.75%],17,16,18,01-06-2021
363,PA- YORK,83.49,91,89,93,83.25,83.73,91 [89 - 93],83.49% [83.25% - 83.73%],29,27,31,01-06-2021
364,RI- PROVIDENCE,83.86,393,385,399,83.64,84.05,393 [385 - 399],83.86% [83.64% - 84.05%],121,114,127,01-06-2021
365,SC- CHARLESTON,82.69,266,261,272,82.38,83.12,266 [261 - 272],82.69% [82.38% - 83.12%],80,71,93,01-06-2021
366,SC- COLUMBIA,81.97,258,254,263,81.87,82.0,258 [254 - 263],81.97% [81.87% - 82.0%],74,70,75,01-06-2021
367,SC- FLORENCE,82.39,107,105,109,82.16,82.46,107 [105 - 109],82.39% [82.16% - 82.46%],32,29,33,01-06-2021
368,SC- GREENVILLE,84.14,337,330,344,83.64,84.68,337 [330 - 344],84.14% [83.64% - 84.68%],99,87,112,01-06-2021
369,SC- SPARTANBURG,82.26,80,78,83,82.17,82.36,80 [78 - 83],82.26% [82.17% - 82.36%],24,23,25,01-06-2021
370,SD- RAPID CITY,81.6,35,35,36,81.45,81.89,35 [35 - 36],81.6% [81.45% - 81.89%],11,10,13,01-06-2021
371,SD- SIOUX FALLS,81.12,92,90,97,81.08,81.3,92 [90 - 97],81.12% [81.08% - 81.3%],31,30,36,01-06-2021
373,TN- CHATTANOOGA,82.14,168,166,173,82.01,82.28,168 [166 - 173],82.14% [82.01% - 82.28%],48,45,51,01-06-2021
374,TN- JACKSON,81.11,49,48,51,80.96,81.11,49 [48 - 51],81.11% [80.96% - 81.11%],15,13,15,01-06-2021
375,TN- JOHNSON CITY,81.49,49,48,50,81.28,81.6,49 [48 - 50],81.49% [81.28% - 81.6%],14,12,15,01-06-2021
376,TN- KINGSPORT,81.91,124,121,127,81.61,82.17,124 [121 - 127],81.91% [81.61% - 82.17%],38,32,43,01-06-2021
377,TN- KNOXVILLE,81.92,270,264,277,81.65,82.2,270 [264 - 277],81.92% [81.65% - 82.2%],80,69,92,01-06-2021
379,TN- MEMPHIS,81.49,327,323,335,81.39,81.61,327 [323 - 335],81.49% [81.39% - 81.61%],94,88,102,01-06-2021
380,TN- NASHVILLE,81.67,499,489,510,81.58,81.79,499 [489 - 510],81.67% [81.58% - 81.79%],143,135,153,01-06-2021
382,TX- ABILENE,81.58,66,65,68,81.51,81.66,66 [65 - 68],81.58% [81.51% - 81.66%],21,20,22,01-06-2021
383,TX- AMARILLO,81.2,54,51,57,81.0,81.4,54 [51 - 57],81.2% [81.0% - 81.4%],18,15,21,01-06-2021
385,TX- AUSTIN,84.2,486,477,496,83.72,84.72,486 [477 - 496],84.2% [83.72% - 84.72%],147,130,165,01-06-2021
386,TX- BEAUMONT,81.75,80,79,82,81.68,81.9,80 [79 - 82],81.75% [81.68% - 81.9%],24,23,26,01-06-2021
388,TX- BRYAN,82.12,42,41,43,82.12,82.12,42 [41 - 43],82.12% [82.12% - 82.12%],13,13,13,01-06-2021
390,TX- CORPUS CHRISTI,81.36,97,94,99,81.36,81.46,97 [94 - 99],81.36% [81.36% - 81.46%],28,28,30,01-06-2021
391,TX- DALLAS,83.71,1532,1506,1558,83.56,83.85,1532 [1506 - 1558],83.71% [83.56% - 83.85%],454,436,471,01-06-2021
393,TX- EL PASO,81.89,177,172,181,81.79,82.08,177 [172 - 181],81.89% [81.79% - 82.08%],52,49,57,01-06-2021
394,TX- FORT WORTH,85.19,908,891,927,84.81,85.63,908 [891 - 927],85.19% [84.81% - 85.63%],260,241,282,01-06-2021
396,TX- HARLINGEN,81.34,63,62,64,81.27,81.34,63 [62 - 64],81.34% [81.27% - 81.34%],19,18,19,01-06-2021
397,TX- HOUSTON,83.02,1710,1671,1751,82.59,83.46,1710 [1671 - 1751],83.02% [82.59% - 83.46%],515,442,590,01-06-2021
399,TX- LONGVIEW,81.75,42,41,43,81.46,81.9,42 [41 - 43],81.75% [81.46% - 81.9%],12,10,13,01-06-2021
400,TX- LUBBOCK,82.51,202,198,206,82.34,82.55,202 [198 - 206],82.51% [82.34% - 82.55%],60,56,61,01-06-2021
402,TX- MCALLEN,81.95,105,103,107,81.77,82.08,105 [103 - 107],81.95% [81.77% - 82.08%],31,28,33,01-06-2021
406,TX- ODESSA,80.7,28,27,29,80.62,80.7,28 [27 - 29],80.7% [80.62% - 80.7%],9,8,9,01-06-2021
411,TX- SAN ANGELO,83.2,77,76,79,82.77,83.49,77 [76 - 79],83.2% [82.77% - 83.49%],22,19,24,01-06-2021
412,TX- SAN ANTONIO,84.2,1015,994,1038,83.68,84.81,1015 [994 - 1038],84.2% [83.68% - 84.81%],304,266,348,01-06-2021
413,TX- TEMPLE,84.05,131,129,134,83.73,84.47,131 [129 - 134],84.05% [83.73% - 84.47%],38,35,42,01-06-2021
416,TX- TYLER,82.24,124,121,129,82.12,82.56,124 [121 - 129],82.24% [82.12% - 82.56%],36,34,41,01-06-2021
417,TX- VICTORIA,80.78,21,21,22,80.78,80.91,21 [21 - 22],80.78% [80.78% - 80.91%],6,6,7,01-06-2021
418,TX- WACO,84.36,91,90,93,84.19,84.69,91 [90 - 93],84.36% [84.19% - 84.69%],26,25,28,01-06-2021
420,TX- WICHITA FALLS,83.62,82,80,84,83.48,83.91,82 [80 - 84],83.62% [83.48% - 83.91%],25,24,27,01-06-2021
421,UT- OGDEN,86.44,163,160,168,86.16,86.85,163 [160 - 168],86.44% [86.16% - 86.85%],47,45,50,01-06-2021
422,UT- PROVO,86.32,196,192,200,85.99,86.76,196 [192 - 200],86.32% [85.99% - 86.76%],57,54,61,01-06-2021
423,UT- SALT LAKE CITY,82.94,394,386,401,82.81,83.09,394 [386 - 401],82.94% [82.81% - 83.09%],116,111,122,01-06-2021
424,VT- BURLINGTON,82.27,118,115,124,81.96,82.71,118 [115 - 124],82.27% [81.96% - 82.71%],36,31,43,01-06-2021
426,VA- ARLINGTON,85.05,487,478,498,84.46,85.77,487 [478 - 498],85.05% [84.46% - 85.77%],146,129,167,01-06-2021
427,VA- CHARLOTTESVILLE,83.21,149,146,153,82.85,83.71,149 [146 - 153],83.21% [82.85% - 83.71%],45,40,52,01-06-2021
428,VA- LYNCHBURG,82.53,70,69,71,82.53,82.53,70 [69 - 71],82.53% [82.53% - 82.53%],19,19,19,01-06-2021
429,VA- NEWPORT NEWS,82.19,86,85,88,82.02,82.37,86 [85 - 88],82.19% [82.02% - 82.37%],25,23,27,01-06-2021
430,VA- NORFOLK,82.92,267,262,274,82.62,83.29,267 [262 - 274],82.92% [82.62% - 83.29%],79,71,89,01-06-2021
431,VA- RICHMOND,82.79,429,419,440,82.38,83.26,429 [419 - 440],82.79% [82.38% - 83.26%],131,112,153,01-06-2021
432,VA- ROANOKE,81.83,176,172,181,81.61,82.0,176 [172 - 181],81.83% [81.61% - 82.0%],51,45,56,01-06-2021
435,VA- WINCHESTER,84.39,135,132,138,83.75,84.93,135 [132 - 138],84.39% [83.75% - 84.93%],41,35,46,01-06-2021
437,WA- EVERETT,82.07,56,55,57,81.95,82.31,56 [55 - 57],82.07% [81.95% - 82.31%],17,16,19,01-06-2021
438,WA- OLYMPIA,81.48,30,29,31,81.19,81.63,30 [29 - 31],81.48% [81.19% - 81.63%],10,8,11,01-06-2021
439,WA- SEATTLE,80.9,162,159,166,80.81,80.99,162 [159 - 166],80.9% [80.81% - 80.99%],49,44,54,01-06-2021
440,WA- SPOKANE,82.13,263,258,270,82.0,82.26,263 [258 - 270],82.13% [82.0% - 82.26%],80,75,85,01-06-2021
441,WA- TACOMA,82.53,105,103,107,82.44,82.61,105 [103 - 107],82.53% [82.44% - 82.61%],31,30,32,01-06-2021
442,WA- YAKIMA,86.56,122,119,126,85.53,87.6,122 [119 - 126],86.56% [85.53% - 87.6%],38,32,44,01-06-2021
443,WV- CHARLESTON,82.68,220,214,224,82.23,82.8,220 [214 - 224],82.68% [82.23% - 82.8%],65,54,68,01-06-2021
444,WV- HUNTINGTON,81.94,107,105,110,81.64,82.24,107 [105 - 110],81.94% [81.64% - 82.24%],32,27,37,01-06-2021
445,WV- MORGANTOWN,81.99,119,117,123,81.87,82.1,119 [117 - 123],81.99% [81.87% - 82.1%],35,33,37,01-06-2021
446,WI- APPLETON,81.94,42,41,43,81.78,81.94,42 [41 - 43],81.94% [81.78% - 81.94%],12,11,12,01-06-2021
447,WI- GREEN BAY,81.19,63,61,64,81.06,81.19,63 [61 - 64],81.19% [81.06% - 81.19%],19,17,19,01-06-2021
448,WI- LA CROSSE,81.36,43,42,44,81.36,81.47,43 [42 - 44],81.36% [81.36% - 81.47%],13,13,14,01-06-2021
449,WI- MADISON,81.2,120,118,123,81.13,81.23,120 [118 - 123],81.2% [81.13% - 81.23%],36,34,37,01-06-2021
450,WI- MARSHFIELD,81.1,42,41,43,81.1,81.19,42 [41 - 43],81.1% [81.1% - 81.19%],13,13,14,01-06-2021
451,WI- MILWAUKEE,81.24,347,340,354,81.16,81.3,347 [340 - 354],81.24% [81.16% - 81.3%],102,96,107,01-06-2021
452,WI- NEENAH,81.25,28,27,28,81.08,81.43,28 [27 - 28],81.25% [81.08% - 81.43%],7,6,8,01-06-2021
456,WI- WAUSAU,81.24,21,21,22,81.06,81.42,21 [21 - 22],81.24% [81.06% - 81.42%],7,6,8,01-06-2021
457,WY- CASPER,80.29,7,7,7,80.29,80.29,7 [7 - 7],80.29% [80.29% - 80.29%],2,2,2,01-06-2021
303,NY- NEW YORK,82.89,1460,1438,1482,82.79,83.0,1460 [1438 - 1482],82.89% [82.79% - 83.0%],449,434,466,01-06-2021
