HRRNum,Hospital Referral Region,Projected Demand (%),Hospitalizations (Median),Lower Hospitalization Bound,Upper Hospitalization Bound,Lower Projected Demand Bound,Upper Projected Demand Bound,Hospitalizations (Range),Projected Demand (Range),Last Update
1,AL- BIRMINGHAM,81.61,133,119,199,80.33,86.74,133 [119 - 199],81.61% [80.33% - 86.74%],05-12-2020
2,AL- DOTHAN,80.0,0,0,3,80.0,80.83,0 [0 - 3],80.0% [80.0% - 80.83%],05-12-2020
5,AL- HUNTSVILLE,81.16,16,14,27,80.37,85.11,16 [14 - 27],81.16% [80.37% - 85.11%],05-12-2020
6,AL- MOBILE,81.66,42,38,57,80.39,85.15,42 [38 - 57],81.66% [80.39% - 85.15%],05-12-2020
7,AL- MONTGOMERY,80.97,14,12,23,80.0,84.72,14 [12 - 23],80.97% [80.0% - 84.72%],05-12-2020
9,AL- TUSCALOOSA,81.46,14,13,20,80.0,85.71,14 [13 - 20],81.46% [80.0% - 85.71%],05-12-2020
11,AZ- MESA,90.14,196,176,249,83.28,106.82,196 [176 - 249],90.14% [83.28% - 106.82%],05-12-2020
12,AZ- PHOENIX,86.43,484,434,614,82.09,97.15,484 [434 - 614],86.43% [82.09% - 97.15%],05-12-2020
14,AZ- SUN CITY,84.24,31,28,40,81.36,91.23,31 [28 - 40],84.24% [81.36% - 91.23%],05-12-2020
15,AZ- TUCSON,85.08,125,112,164,81.47,94.54,125 [112 - 164],85.08% [81.47% - 94.54%],05-12-2020
16,AR- FORT SMITH,80.0,0,0,0,80.0,80.0,0 [0 - 0],80.0% [80.0% - 80.0%],05-12-2020
18,AR- JONESBORO,80.0,0,0,0,80.0,80.0,0 [0 - 0],80.0% [80.0% - 80.0%],05-12-2020
19,AR- LITTLE ROCK,80.11,0,0,10,80.0,81.26,0 [0 - 10],80.11% [80.0% - 81.26%],05-12-2020
21,AR- SPRINGDALE,80.0,0,0,1,80.0,81.14,0 [0 - 1],80.0% [80.0% - 81.14%],05-12-2020
22,AR- TEXARKANA,80.0,0,0,0,80.0,80.61,0 [0 - 0],80.0% [80.0% - 80.61%],05-12-2020
23,CA- ORANGE CO.,83.03,230,206,321,80.85,90.73,230 [206 - 321],83.03% [80.85% - 90.73%],05-12-2020
25,CA- BAKERSFIELD,81.15,37,33,54,80.3,84.31,37 [33 - 54],81.15% [80.3% - 84.31%],05-12-2020
31,CA- CHICO,80.92,0,0,7,80.0,87.81,0 [0 - 7],80.92% [80.0% - 87.81%],05-12-2020
33,CA- CONTRA COSTA CO.,87.85,154,138,208,82.25,106.16,154 [138 - 208],87.85% [82.25% - 106.16%],05-12-2020
43,CA- FRESNO,81.92,42,37,62,80.26,87.75,42 [37 - 62],81.92% [80.26% - 87.75%],05-12-2020
56,CA- LOS ANGELES,82.68,658,590,925,80.75,89.66,658 [590 - 925],82.68% [80.75% - 89.66%],05-12-2020
58,CA- MODESTO,84.63,77,69,109,81.11,96.99,77 [69 - 109],84.63% [81.11% - 96.99%],05-12-2020
62,CA- NAPA,84.96,28,25,38,80.86,96.49,28 [25 - 38],84.96% [80.86% - 96.49%],05-12-2020
65,CA- ALAMEDA CO.,87.02,234,210,314,81.95,102.99,234 [210 - 314],87.02% [81.95% - 102.99%],05-12-2020
69,CA- PALM SPR/RANCHO MIR.,82.08,21,19,29,80.57,87.41,21 [19 - 29],82.08% [80.57% - 87.41%],05-12-2020
73,CA- REDDING,82.24,21,19,32,80.46,88.87,21 [19 - 32],82.24% [80.46% - 88.87%],05-12-2020
77,CA- SACRAMENTO,85.76,273,245,375,81.51,99.92,273 [245 - 375],85.76% [81.51% - 99.92%],05-12-2020
78,CA- SALINAS,85.24,35,32,52,81.39,98.66,35 [32 - 52],85.24% [81.39% - 98.66%],05-12-2020
79,CA- SAN BERNARDINO,83.54,203,183,285,81.0,92.73,203 [183 - 285],83.54% [81.0% - 92.73%],05-12-2020
80,CA- SAN DIEGO,84.46,308,276,433,81.19,96.01,308 [276 - 433],84.46% [81.19% - 96.01%],05-12-2020
81,CA- SAN FRANCISCO,84.13,209,188,280,81.22,93.48,209 [188 - 280],84.13% [81.22% - 93.48%],05-12-2020
82,CA- SAN JOSE,88.72,262,235,349,82.45,108.32,262 [235 - 349],88.72% [82.45% - 108.32%],05-12-2020
83,CA- SAN LUIS OBISPO,84.36,17,15,26,81.1,96.45,17 [15 - 26],84.36% [81.1% - 96.45%],05-12-2020
85,CA- SAN MATEO CO.,84.78,124,112,167,81.34,95.43,124 [112 - 167],84.78% [81.34% - 95.43%],05-12-2020
86,CA- SANTA BARBARA,83.37,28,25,41,80.62,91.7,28 [25 - 41],83.37% [80.62% - 91.7%],05-12-2020
87,CA- SANTA CRUZ,90.8,35,31,48,83.06,114.54,35 [31 - 48],90.8% [83.06% - 114.54%],05-12-2020
89,CA- SANTA ROSA,83.35,56,51,79,80.97,91.55,56 [51 - 79],83.35% [80.97% - 91.55%],05-12-2020
91,CA- STOCKTON,86.72,70,63,96,81.69,102.77,70 [63 - 96],86.72% [81.69% - 102.77%],05-12-2020
96,CA- VENTURA,83.72,56,50,80,80.95,93.41,56 [50 - 80],83.72% [80.95% - 93.41%],05-12-2020
101,CO- BOULDER,88.19,35,32,43,81.89,98.95,35 [32 - 43],88.19% [81.89% - 98.95%],05-12-2020
102,CO- COLORADO SPRINGS,86.82,70,63,85,81.35,96.33,70 [63 - 85],86.82% [81.35% - 96.33%],05-12-2020
103,CO- DENVER,87.33,350,312,424,81.72,97.81,350 [312 - 424],87.33% [81.72% - 97.81%],05-12-2020
104,CO- FORT COLLINS,84.43,28,25,34,81.25,91.27,28 [25 - 34],84.43% [81.25% - 91.27%],05-12-2020
105,CO- GRAND JUNCTION,86.46,49,44,56,81.39,92.37,49 [44 - 56],86.46% [81.39% - 92.37%],05-12-2020
106,CO- GREELEY,85.23,35,32,43,81.16,92.1,35 [32 - 43],85.23% [81.16% - 92.1%],05-12-2020
107,CO- PUEBLO,81.17,7,6,9,80.0,83.13,7 [6 - 9],81.17% [80.0% - 83.13%],05-12-2020
109,CT- BRIDGEPORT,87.42,124,114,162,83.13,102.48,124 [114 - 162],87.42% [83.13% - 102.48%],05-12-2020
110,CT- HARTFORD,84.63,148,133,202,81.35,96.22,148 [133 - 202],84.63% [81.35% - 96.22%],05-12-2020
111,CT- NEW HAVEN,84.67,177,160,250,81.82,97.37,177 [160 - 250],84.67% [81.82% - 97.37%],05-12-2020
112,DE- WILMINGTON,85.15,91,84,111,82.04,91.98,91 [84 - 111],85.15% [82.04% - 91.98%],05-12-2020
113,DC- WASHINGTON,99.94,1091,996,1258,88.58,119.41,1091 [996 - 1258],99.94% [88.58% - 119.41%],05-12-2020
115,FL- BRADENTON,80.97,0,0,3,80.0,83.81,0 [0 - 3],80.97% [80.0% - 83.81%],05-12-2020
116,FL- CLEARWATER,80.59,7,7,11,80.24,82.5,7 [7 - 11],80.59% [80.24% - 82.5%],05-12-2020
118,FL- FORT LAUDERDALE,80.93,79,72,117,80.32,83.99,79 [72 - 117],80.93% [80.32% - 83.99%],05-12-2020
119,FL- FORT MYERS,80.63,21,20,35,80.26,83.27,21 [20 - 35],80.63% [80.26% - 83.27%],05-12-2020
120,FL- GAINESVILLE,80.41,7,6,11,80.0,82.12,7 [6 - 11],80.41% [80.0% - 82.12%],05-12-2020
122,FL- HUDSON,80.3,0,0,4,80.0,82.64,0 [0 - 4],80.3% [80.0% - 82.64%],05-12-2020
123,FL- JACKSONVILLE,80.62,27,25,45,80.14,82.91,27 [25 - 45],80.62% [80.14% - 82.91%],05-12-2020
124,FL- LAKELAND,80.91,7,7,10,80.37,82.81,7 [7 - 10],80.91% [80.37% - 82.81%],05-12-2020
127,FL- MIAMI,80.91,95,86,142,80.32,83.94,95 [86 - 142],80.91% [80.32% - 83.94%],05-12-2020
129,FL- OCALA,80.55,7,6,10,80.0,82.49,7 [6 - 10],80.55% [80.0% - 82.49%],05-12-2020
130,FL- ORLANDO,80.64,63,56,93,80.11,82.64,63 [56 - 93],80.64% [80.11% - 82.64%],05-12-2020
131,FL- ORMOND BEACH,80.27,0,0,4,80.0,81.75,0 [0 - 4],80.27% [80.0% - 81.75%],05-12-2020
133,FL- PANAMA CITY,80.0,0,0,1,80.0,81.05,0 [0 - 1],80.0% [80.0% - 81.05%],05-12-2020
134,FL- PENSACOLA,80.33,7,6,12,80.0,81.96,7 [6 - 12],80.33% [80.0% - 81.96%],05-12-2020
137,FL- SARASOTA,80.5,7,7,11,80.0,82.56,7 [7 - 11],80.5% [80.0% - 82.56%],05-12-2020
139,FL- ST PETERSBURG,80.49,2,2,6,80.19,82.13,2 [2 - 6],80.49% [80.19% - 82.13%],05-12-2020
140,FL- TALLAHASSEE,81.05,28,24,43,80.0,84.93,28 [24 - 43],81.05% [80.0% - 84.93%],05-12-2020
141,FL- TAMPA,80.72,26,24,40,80.16,82.86,26 [24 - 40],80.72% [80.16% - 82.86%],05-12-2020
142,GA- ALBANY,85.51,56,50,67,80.75,92.61,56 [50 - 67],85.51% [80.75% - 92.61%],05-12-2020
144,GA- ATLANTA,86.82,812,727,1092,81.95,101.95,812 [727 - 1092],86.82% [81.95% - 101.95%],05-12-2020
145,GA- AUGUSTA,80.92,21,18,30,80.0,83.5,21 [18 - 30],80.92% [80.0% - 83.5%],05-12-2020
146,GA- COLUMBUS,82.19,21,20,29,80.79,85.64,21 [20 - 29],82.19% [80.79% - 85.64%],05-12-2020
147,GA- MACON,80.78,14,12,35,80.0,86.62,14 [12 - 35],80.78% [80.0% - 86.62%],05-12-2020
148,GA- ROME,85.08,35,31,47,81.09,96.12,35 [31 - 47],85.08% [81.09% - 96.12%],05-12-2020
149,GA- SAVANNAH,81.35,21,20,34,80.63,85.54,21 [20 - 34],81.35% [80.63% - 85.54%],05-12-2020
151,ID- BOISE,80.49,7,6,11,80.0,81.93,7 [6 - 11],80.49% [80.0% - 81.93%],05-12-2020
152,ID- IDAHO FALLS,80.0,0,0,0,80.0,80.0,0 [0 - 0],80.0% [80.0% - 80.0%],05-12-2020
154,IL- AURORA,104.14,124,111,151,87.4,137.87,124 [111 - 151],104.14% [87.4% - 137.87%],05-12-2020
155,IL- BLUE ISLAND,91.42,285,258,345,83.86,106.93,285 [258 - 345],91.42% [83.86% - 106.93%],05-12-2020
156,IL- CHICAGO,91.14,962,867,1161,83.86,106.13,962 [867 - 1161],91.14% [83.86% - 106.13%],05-12-2020
158,IL- ELGIN,106.66,286,259,347,89.39,143.35,286 [259 - 347],106.66% [89.39% - 143.35%],05-12-2020
161,IL- EVANSTON,95.98,383,346,462,85.5,117.67,383 [346 - 462],95.98% [85.5% - 117.67%],05-12-2020
163,IL- HINSDALE,97.09,184,167,224,85.73,120.55,184 [167 - 224],97.09% [85.73% - 120.55%],05-12-2020
164,IL- JOLIET,99.82,258,233,315,86.64,127.44,258 [233 - 315],99.82% [86.64% - 127.44%],05-12-2020
166,IL- MELROSE PARK,96.64,511,461,618,85.62,119.4,511 [461 - 618],96.64% [85.62% - 119.4%],05-12-2020
170,IL- PEORIA,84.83,89,79,115,80.97,93.34,89 [79 - 115],84.83% [80.97% - 93.34%],05-12-2020
171,IL- ROCKFORD,92.17,182,165,227,84.64,111.16,182 [165 - 227],92.17% [84.64% - 111.16%],05-12-2020
172,IL- SPRINGFIELD,82.93,72,60,99,80.24,89.86,72 [60 - 99],82.93% [80.24% - 89.86%],05-12-2020
173,IL- URBANA,83.67,37,32,53,80.58,92.51,37 [32 - 53],83.67% [80.58% - 92.51%],05-12-2020
175,IL- BLOOMINGTON,92.42,31,27,41,82.25,115.58,31 [27 - 41],92.42% [82.25% - 115.58%],05-12-2020
179,IN- EVANSVILLE,81.06,21,18,32,80.0,84.21,21 [18 - 32],81.06% [80.0% - 84.21%],05-12-2020
180,IN- FORT WAYNE,81.95,42,40,68,80.95,88.54,42 [40 - 68],81.95% [80.95% - 88.54%],05-12-2020
181,IN- GARY,99.05,284,256,343,86.44,124.02,284 [256 - 343],99.05% [86.44% - 124.02%],05-12-2020
183,IN- INDIANAPOLIS,88.88,569,499,743,81.4,106.66,569 [499 - 743],88.88% [81.4% - 106.66%],05-12-2020
184,IN- LAFAYETTE,84.23,28,24,40,80.0,93.09,28 [24 - 40],84.23% [80.0% - 93.09%],05-12-2020
185,IN- MUNCIE,85.15,21,18,27,80.0,93.37,21 [18 - 27],85.15% [80.0% - 93.37%],05-12-2020
186,IN- MUNSTER,96.16,184,168,221,86.15,117.0,184 [168 - 221],96.16% [86.15% - 117.0%],05-12-2020
187,IN- SOUTH BEND,85.79,84,77,108,82.09,96.55,84 [77 - 108],85.79% [82.09% - 96.55%],05-12-2020
188,IN- TERRE HAUTE,84.0,21,18,24,80.0,85.94,21 [18 - 24],84.0% [80.0% - 85.94%],05-12-2020
190,IA- CEDAR RAPIDS,89.43,103,92,129,82.24,104.19,103 [92 - 129],89.43% [82.24% - 104.19%],05-12-2020
191,IA- DAVENPORT,82.92,64,56,80,80.54,87.15,64 [56 - 80],82.92% [80.54% - 87.15%],05-12-2020
192,IA- DES MOINES,85.15,168,147,226,81.12,96.34,168 [147 - 226],85.15% [81.12% - 96.34%],05-12-2020
193,IA- DUBUQUE,86.0,30,27,36,81.28,92.84,30 [27 - 36],86.0% [81.28% - 92.84%],05-12-2020
194,IA- IOWA CITY,85.43,102,91,125,81.24,92.97,102 [91 - 125],85.43% [81.24% - 92.97%],05-12-2020
195,IA- MASON CITY,80.85,0,0,7,80.0,86.55,0 [0 - 7],80.85% [80.0% - 86.55%],05-12-2020
196,IA- SIOUX CITY,83.26,36,31,49,80.53,90.34,36 [31 - 49],83.26% [80.53% - 90.34%],05-12-2020
197,IA- WATERLOO,85.71,32,28,43,80.94,96.12,32 [28 - 43],85.71% [80.94% - 96.12%],05-12-2020
200,KS- TOPEKA,82.56,36,32,61,80.58,92.41,36 [32 - 61],82.56% [80.58% - 92.41%],05-12-2020
201,KS- WICHITA,81.49,71,62,106,80.36,85.84,71 [62 - 106],81.49% [80.36% - 85.84%],05-12-2020
203,KY- COVINGTON,83.63,35,31,49,80.0,90.17,35 [31 - 49],83.63% [80.0% - 90.17%],05-12-2020
204,KY- LEXINGTON,81.54,77,69,148,80.38,90.05,77 [69 - 148],81.54% [80.38% - 90.05%],05-12-2020
205,KY- LOUISVILLE,82.98,140,126,206,80.83,91.84,140 [126 - 206],82.98% [80.83% - 91.84%],05-12-2020
207,KY- OWENSBORO,80.0,0,0,4,80.0,84.87,0 [0 - 4],80.0% [80.0% - 84.87%],05-12-2020
208,KY- PADUCAH,80.2,0,0,7,80.0,82.16,0 [0 - 7],80.2% [80.0% - 82.16%],05-12-2020
209,LA- ALEXANDRIA,80.0,0,0,0,80.0,80.61,0 [0 - 0],80.0% [80.0% - 80.61%],05-12-2020
210,LA- BATON ROUGE,81.25,28,25,40,80.16,84.4,28 [25 - 40],81.25% [80.16% - 84.4%],05-12-2020
212,LA- HOUMA,81.78,7,7,10,80.0,84.42,7 [7 - 10],81.78% [80.0% - 84.42%],05-12-2020
213,LA- LAFAYETTE,80.29,0,0,4,80.0,81.25,0 [0 - 4],80.29% [80.0% - 81.25%],05-12-2020
214,LA- LAKE CHARLES,80.0,0,0,0,80.0,80.69,0 [0 - 0],80.0% [80.0% - 80.69%],05-12-2020
216,LA- METAIRIE,82.6,24,21,35,80.59,89.4,24 [21 - 35],82.6% [80.59% - 89.4%],05-12-2020
217,LA- MONROE,80.0,0,0,0,80.0,80.65,0 [0 - 0],80.0% [80.0% - 80.65%],05-12-2020
218,LA- NEW ORLEANS,81.93,45,39,60,80.37,86.23,45 [39 - 60],81.93% [80.37% - 86.23%],05-12-2020
219,LA- SHREVEPORT,80.23,0,0,3,80.0,80.8,0 [0 - 3],80.23% [80.0% - 80.8%],05-12-2020
220,LA- SLIDELL,85.89,28,25,35,80.4,95.28,28 [25 - 35],85.89% [80.4% - 95.28%],05-12-2020
221,ME- BANGOR,80.18,0,0,2,80.0,81.19,0 [0 - 2],80.18% [80.0% - 81.19%],05-12-2020
222,ME- PORTLAND,81.32,28,26,39,80.27,83.85,28 [26 - 39],81.32% [80.27% - 83.85%],05-12-2020
223,MD- BALTIMORE,94.86,1097,986,1341,85.5,114.04,1097 [986 - 1341],94.86% [85.5% - 114.04%],05-12-2020
225,MD- SALISBURY,90.58,95,83,116,81.81,104.23,95 [83 - 116],90.58% [81.81% - 104.23%],05-12-2020
226,MD- TAKOMA PARK,116.8,471,430,542,95.93,152.34,471 [430 - 542],116.8% [95.93% - 152.34%],05-12-2020
227,MA- BOSTON,87.8,856,771,1097,82.39,102.51,856 [771 - 1097],87.8% [82.39% - 102.51%],05-12-2020
230,MA- SPRINGFIELD,85.37,84,77,109,81.75,95.49,84 [77 - 109],85.37% [81.75% - 95.49%],05-12-2020
231,MA- WORCESTER,88.25,133,120,171,82.5,104.0,133 [120 - 171],88.25% [82.5% - 104.0%],05-12-2020
232,MI- ANN ARBOR,81.49,46,40,60,80.18,84.47,46 [40 - 60],81.49% [80.18% - 84.47%],05-12-2020
233,MI- DEARBORN,81.19,15,13,21,80.24,83.53,15 [13 - 21],81.19% [80.24% - 83.53%],05-12-2020
234,MI- DETROIT,81.38,59,51,79,80.24,84.19,59 [51 - 79],81.38% [80.24% - 84.19%],05-12-2020
235,MI- FLINT,81.01,7,7,12,80.0,83.47,7 [7 - 12],81.01% [80.0% - 83.47%],05-12-2020
236,MI- GRAND RAPIDS,80.27,0,0,3,80.0,81.17,0 [0 - 3],80.27% [80.0% - 81.17%],05-12-2020
238,MI- KALAMAZOO,80.0,0,0,2,80.0,81.02,0 [0 - 2],80.0% [80.0% - 81.02%],05-12-2020
239,MI- LANSING,80.41,0,0,5,80.0,82.35,0 [0 - 5],80.41% [80.0% - 82.35%],05-12-2020
240,MI- MARQUETTE,80.0,0,0,0,80.0,80.0,0 [0 - 0],80.0% [80.0% - 80.0%],05-12-2020
242,MI- MUSKEGON,80.0,0,0,1,80.0,81.31,0 [0 - 1],80.0% [80.0% - 81.31%],05-12-2020
243,MI- PETOSKEY,80.0,0,0,0,80.0,80.0,0 [0 - 0],80.0% [80.0% - 80.0%],05-12-2020
244,MI- PONTIAC,81.42,14,13,19,80.34,84.31,14 [13 - 19],81.42% [80.34% - 84.31%],05-12-2020
245,MI- ROYAL OAK,81.07,25,23,34,80.26,83.26,25 [23 - 34],81.07% [80.26% - 83.26%],05-12-2020
246,MI- SAGINAW,80.0,0,0,1,80.0,80.57,0 [0 - 1],80.0% [80.0% - 80.57%],05-12-2020
248,MI- ST JOSEPH,81.5,0,0,1,80.0,81.99,0 [0 - 1],81.5% [80.0% - 81.99%],05-12-2020
249,MI- TRAVERSE CITY,80.0,0,0,0,80.0,80.0,0 [0 - 0],80.0% [80.0% - 80.0%],05-12-2020
250,MN- DULUTH,80.97,7,7,12,80.34,83.87,7 [7 - 12],80.97% [80.34% - 83.87%],05-12-2020
251,MN- MINNEAPOLIS,85.61,474,425,629,81.71,96.97,474 [425 - 629],85.61% [81.71% - 96.97%],05-12-2020
253,MN- ROCHESTER,82.76,70,63,93,80.77,88.35,70 [63 - 93],82.76% [80.77% - 88.35%],05-12-2020
254,MN- ST CLOUD,84.25,28,25,41,80.85,94.29,28 [25 - 41],84.25% [80.85% - 94.29%],05-12-2020
256,MN- ST PAUL,87.46,167,151,217,82.58,101.31,167 [151 - 217],87.46% [82.58% - 101.31%],05-12-2020
257,MS- GULFPORT,85.47,42,38,53,81.68,95.27,42 [38 - 53],85.47% [81.68% - 95.27%],05-12-2020
258,MS- HATTIESBURG,83.53,42,36,55,80.0,90.91,42 [36 - 55],83.53% [80.0% - 90.91%],05-12-2020
259,MS- JACKSON,82.08,91,80,146,80.29,90.31,91 [80 - 146],82.08% [80.29% - 90.31%],05-12-2020
260,MS- MERIDIAN,80.0,0,0,3,80.0,82.66,0 [0 - 3],80.0% [80.0% - 82.66%],05-12-2020
261,MS- OXFORD,80.0,0,0,8,80.0,87.21,0 [0 - 8],80.0% [80.0% - 87.21%],05-12-2020
262,MS- TUPELO,80.82,7,6,23,80.0,87.61,7 [6 - 23],80.82% [80.0% - 87.61%],05-12-2020
263,MO- CAPE GIRARDEAU,80.15,0,0,2,80.0,81.36,0 [0 - 2],80.15% [80.0% - 81.36%],05-12-2020
264,MO- COLUMBIA,80.34,0,0,9,80.0,83.15,0 [0 - 9],80.34% [80.0% - 83.15%],05-12-2020
267,MO- JOPLIN,80.0,0,0,3,80.0,82.31,0 [0 - 3],80.0% [80.0% - 82.31%],05-12-2020
268,MO- KANSAS CITY,83.56,278,252,355,81.36,89.65,278 [252 - 355],83.56% [81.36% - 89.65%],05-12-2020
270,MO- SPRINGFIELD,80.63,7,7,18,80.31,83.88,7 [7 - 18],80.63% [80.31% - 83.88%],05-12-2020
273,MO- ST LOUIS,81.42,171,153,231,80.51,84.61,171 [153 - 231],81.42% [80.51% - 84.61%],05-12-2020
274,MT- BILLINGS,80.19,0,0,3,80.0,81.0,0 [0 - 3],80.19% [80.0% - 81.0%],05-12-2020
275,MT- GREAT FALLS,80.0,0,0,0,80.0,80.37,0 [0 - 0],80.0% [80.0% - 80.37%],05-12-2020
276,MT- MISSOULA,80.0,0,0,0,80.0,80.43,0 [0 - 0],80.0% [80.0% - 80.43%],05-12-2020
277,NE- LINCOLN,91.63,210,188,260,83.21,109.56,210 [188 - 260],91.63% [83.21% - 109.56%],05-12-2020
278,NE- OMAHA,92.12,660,600,752,84.59,103.63,660 [600 - 752],92.12% [84.59% - 103.63%],05-12-2020
279,NV- LAS VEGAS,85.96,238,217,302,82.23,96.36,238 [217 - 302],85.96% [82.23% - 96.36%],05-12-2020
280,NV- RENO,83.03,56,50,75,80.62,89.68,56 [50 - 75],83.03% [80.62% - 89.68%],05-12-2020
281,NH- LEBANON,81.29,7,7,11,80.0,83.81,7 [7 - 11],81.29% [80.0% - 83.81%],05-12-2020
282,NH- MANCHESTER,82.19,42,38,51,80.51,85.27,42 [38 - 51],82.19% [80.51% - 85.27%],05-12-2020
283,NJ- CAMDEN,81.75,138,123,180,80.44,85.41,138 [123 - 180],81.75% [80.44% - 85.41%],05-12-2020
284,NJ- HACKENSACK,82.88,105,95,135,80.91,88.26,105 [95 - 135],82.88% [80.91% - 88.26%],05-12-2020
285,NJ- MORRISTOWN,83.83,71,64,93,81.04,91.77,71 [64 - 93],83.83% [81.04% - 91.77%],05-12-2020
288,NJ- NEW BRUNSWICK,82.54,66,59,87,80.8,87.77,66 [59 - 87],82.54% [80.8% - 87.77%],05-12-2020
289,NJ- NEWARK,82.28,106,95,139,80.76,86.79,106 [95 - 139],82.28% [80.76% - 86.79%],05-12-2020
291,NJ- PATERSON,82.36,26,24,34,80.76,87.13,26 [24 - 34],82.36% [80.76% - 87.13%],05-12-2020
292,NJ- RIDGEWOOD,85.96,44,39,58,81.52,97.93,44 [39 - 58],85.96% [81.52% - 97.93%],05-12-2020
293,NM- ALBUQUERQUE,89.48,315,284,418,83.45,109.26,315 [284 - 418],89.48% [83.45% - 109.26%],05-12-2020
295,NY- ALBANY,82.73,133,117,205,80.34,92.64,133 [117 - 205],82.73% [80.34% - 92.64%],05-12-2020
296,NY- BINGHAMTON,81.17,7,6,13,80.0,85.71,7 [6 - 13],81.17% [80.0% - 85.71%],05-12-2020
297,NY- BRONX,84.7,167,149,229,81.27,95.91,167 [149 - 229],84.7% [81.27% - 95.91%],05-12-2020
299,NY- BUFFALO,80.59,21,20,39,80.28,84.14,21 [20 - 39],80.59% [80.28% - 84.14%],05-12-2020
300,NY- ELMIRA,80.39,4,3,10,80.0,83.99,4 [3 - 10],80.39% [80.0% - 83.99%],05-12-2020
301,NY- EAST LONG ISLAND,85.17,563,500,780,81.35,98.26,563 [500 - 780],85.17% [81.35% - 98.26%],05-12-2020
304,NY- ROCHESTER,80.71,21,20,39,80.34,85.17,21 [20 - 39],80.71% [80.34% - 85.17%],05-12-2020
307,NY- SYRACUSE,80.44,7,6,23,80.0,84.21,7 [6 - 23],80.44% [80.0% - 84.21%],05-12-2020
308,NY- WHITE PLAINS,84.31,124,111,168,81.28,94.05,124 [111 - 168],84.31% [81.28% - 94.05%],05-12-2020
309,NC- ASHEVILLE,82.07,34,31,50,80.48,87.4,34 [31 - 50],82.07% [80.48% - 87.4%],05-12-2020
311,NC- CHARLOTTE,87.33,421,381,526,82.61,98.56,421 [381 - 526],87.33% [82.61% - 98.56%],05-12-2020
312,NC- DURHAM,85.89,268,235,339,81.49,95.4,268 [235 - 339],85.89% [81.49% - 95.4%],05-12-2020
313,NC- GREENSBORO,85.47,94,84,122,81.78,95.11,94 [84 - 122],85.47% [81.78% - 95.11%],05-12-2020
314,NC- GREENVILLE,83.04,70,63,102,80.64,90.44,70 [63 - 102],83.04% [80.64% - 90.44%],05-12-2020
315,NC- HICKORY,84.38,28,25,40,80.8,93.37,28 [25 - 40],84.38% [80.8% - 93.37%],05-12-2020
318,NC- RALEIGH,90.34,434,389,562,83.23,109.26,434 [389 - 562],90.34% [83.23% - 109.26%],05-12-2020
319,NC- WILMINGTON,84.76,52,46,70,80.9,93.31,52 [46 - 70],84.76% [80.9% - 93.31%],05-12-2020
320,NC- WINSTON-SALEM,84.02,144,128,192,81.0,91.84,144 [128 - 192],84.02% [81.0% - 91.84%],05-12-2020
321,ND- BISMARCK,81.42,7,7,10,80.36,83.94,7 [7 - 10],81.42% [80.36% - 83.94%],05-12-2020
322,ND- FARGO MOORHEAD -MN,80.39,6,5,11,80.0,81.92,6 [5 - 11],80.39% [80.0% - 81.92%],05-12-2020
323,ND- GRAND FORKS,80.0,0,0,1,80.0,80.68,0 [0 - 1],80.0% [80.0% - 80.68%],05-12-2020
324,ND- MINOT,80.57,0,0,1,80.0,81.57,0 [0 - 1],80.57% [80.0% - 81.57%],05-12-2020
325,OH- AKRON,83.82,91,80,123,80.74,92.28,91 [80 - 123],83.82% [80.74% - 92.28%],05-12-2020
326,OH- CANTON,82.78,56,50,82,80.57,90.64,56 [50 - 82],82.78% [80.57% - 90.64%],05-12-2020
327,OH- CINCINNATI,81.79,84,77,128,80.67,87.66,84 [77 - 128],81.79% [80.67% - 87.66%],05-12-2020
328,OH- CLEVELAND,83.19,280,251,379,80.82,90.5,280 [251 - 379],83.19% [80.82% - 90.5%],05-12-2020
329,OH- COLUMBUS,81.33,119,106,185,80.26,85.94,119 [106 - 185],81.33% [80.26% - 85.94%],05-12-2020
330,OH- DAYTON,81.48,43,38,65,80.21,85.88,43 [38 - 65],81.48% [80.21% - 85.88%],05-12-2020
331,OH- ELYRIA,85.31,35,32,47,81.24,96.14,35 [32 - 47],85.31% [81.24% - 96.14%],05-12-2020
332,OH- KETTERING,82.31,21,19,30,80.52,86.92,21 [19 - 30],82.31% [80.52% - 86.92%],05-12-2020
334,OH- TOLEDO,81.27,49,44,68,80.26,84.25,49 [44 - 68],81.27% [80.26% - 84.25%],05-12-2020
335,OH- YOUNGSTOWN,82.25,56,50,74,80.54,86.5,56 [50 - 74],82.25% [80.54% - 86.5%],05-12-2020
336,OK- LAWTON,80.0,0,0,4,80.0,82.95,0 [0 - 4],80.0% [80.0% - 82.95%],05-12-2020
339,OK- OKLAHOMA CITY,81.95,126,113,194,80.62,88.45,126 [113 - 194],81.95% [80.62% - 88.45%],05-12-2020
340,OK- TULSA,81.13,56,51,87,80.28,85.14,56 [51 - 87],81.13% [80.28% - 85.14%],05-12-2020
341,OR- BEND,81.84,7,7,9,80.49,86.17,7 [7 - 9],81.84% [80.49% - 86.17%],05-12-2020
342,OR- EUGENE,81.91,21,19,27,80.34,85.62,21 [19 - 27],81.91% [80.34% - 85.62%],05-12-2020
343,OR- MEDFORD,81.02,7,7,11,80.1,83.63,7 [7 - 11],81.02% [80.1% - 83.63%],05-12-2020
344,OR- PORTLAND,82.6,133,121,172,80.88,87.35,133 [121 - 172],82.6% [80.88% - 87.35%],05-12-2020
345,OR- SALEM,83.26,14,13,18,80.69,89.4,14 [13 - 18],83.26% [80.69% - 89.4%],05-12-2020
346,PA- ALLENTOWN,83.39,103,94,139,81.11,90.96,103 [94 - 139],83.39% [81.11% - 90.96%],05-12-2020
347,PA- ALTOONA,80.03,0,0,3,80.0,83.02,0 [0 - 3],80.03% [80.0% - 83.02%],05-12-2020
350,PA- DANVILLE,80.33,0,0,10,80.0,83.75,0 [0 - 10],80.33% [80.0% - 83.75%],05-12-2020
351,PA- ERIE,80.47,7,6,13,80.0,82.16,7 [6 - 13],80.47% [80.0% - 82.16%],05-12-2020
352,PA- HARRISBURG,82.48,56,52,75,81.05,87.73,56 [52 - 75],82.48% [81.05% - 87.73%],05-12-2020
354,PA- JOHNSTOWN,80.02,0,0,1,80.0,81.62,0 [0 - 1],80.02% [80.0% - 81.62%],05-12-2020
355,PA- LANCASTER,83.01,35,33,49,81.43,90.83,35 [33 - 49],83.01% [81.43% - 90.83%],05-12-2020
356,PA- PHILADELPHIA,82.58,316,288,428,80.98,88.62,316 [288 - 428],82.58% [80.98% - 88.62%],05-12-2020
357,PA- PITTSBURGH,80.67,76,68,113,80.15,82.72,76 [68 - 113],80.67% [80.15% - 82.72%],05-12-2020
358,PA- READING,82.43,28,26,45,80.84,89.76,28 [26 - 45],82.43% [80.84% - 89.76%],05-12-2020
359,PA- SAYRE,80.0,0,0,3,80.0,85.52,0 [0 - 3],80.0% [80.0% - 85.52%],05-12-2020
360,PA- SCRANTON,82.36,14,13,24,80.68,89.3,14 [13 - 24],82.36% [80.68% - 89.3%],05-12-2020
362,PA- WILKES-BARRE,82.21,14,13,20,80.61,88.24,14 [13 - 20],82.21% [80.61% - 88.24%],05-12-2020
363,PA- YORK,84.75,35,33,44,81.68,90.95,35 [33 - 44],84.75% [81.68% - 90.95%],05-12-2020
364,RI- PROVIDENCE,91.08,342,310,425,84.18,108.51,342 [310 - 425],91.08% [84.18% - 108.51%],05-12-2020
365,SC- CHARLESTON,81.6,42,38,58,80.34,84.67,42 [38 - 58],81.6% [80.34% - 84.67%],05-12-2020
366,SC- COLUMBIA,82.53,93,82,119,80.4,87.12,93 [82 - 119],82.53% [80.4% - 87.12%],05-12-2020
367,SC- FLORENCE,81.02,7,7,14,80.0,84.33,7 [7 - 14],81.02% [80.0% - 84.33%],05-12-2020
368,SC- GREENVILLE,82.01,42,37,53,80.21,84.64,42 [37 - 53],82.01% [80.21% - 84.64%],05-12-2020
369,SC- SPARTANBURG,81.67,14,13,19,80.38,84.43,14 [13 - 19],81.67% [80.38% - 84.43%],05-12-2020
370,SD- RAPID CITY,81.21,7,6,11,80.0,85.52,7 [6 - 11],81.21% [80.0% - 85.52%],05-12-2020
371,SD- SIOUX FALLS,84.36,116,103,174,81.15,97.77,116 [103 - 174],84.36% [81.15% - 97.77%],05-12-2020
373,TN- CHATTANOOGA,80.93,16,13,21,80.13,82.37,16 [13 - 21],80.93% [80.13% - 82.37%],05-12-2020
374,TN- JACKSON,80.0,0,0,2,80.0,81.19,0 [0 - 2],80.0% [80.0% - 81.19%],05-12-2020
375,TN- JOHNSON CITY,80.64,0,0,4,80.0,82.98,0 [0 - 4],80.64% [80.0% - 82.98%],05-12-2020
376,TN- KINGSPORT,80.18,0,0,7,80.0,82.37,0 [0 - 7],80.18% [80.0% - 82.37%],05-12-2020
377,TN- KNOXVILLE,80.27,7,7,17,80.07,81.82,7 [7 - 17],80.27% [80.07% - 81.82%],05-12-2020
379,TN- MEMPHIS,81.01,63,58,100,80.38,84.86,63 [58 - 100],81.01% [80.38% - 84.86%],05-12-2020
380,TN- NASHVILLE,82.2,182,161,245,80.4,87.12,182 [161 - 245],82.2% [80.4% - 87.12%],05-12-2020
382,TX- ABILENE,80.02,0,0,1,80.0,80.98,0 [0 - 1],80.02% [80.0% - 80.98%],05-12-2020
383,TX- AMARILLO,80.01,0,0,1,80.0,80.87,0 [0 - 1],80.01% [80.0% - 80.87%],05-12-2020
385,TX- AUSTIN,84.81,167,148,200,80.94,90.92,167 [148 - 200],84.81% [80.94% - 90.92%],05-12-2020
386,TX- BEAUMONT,80.67,3,2,7,80.0,82.48,3 [2 - 7],80.67% [80.0% - 82.48%],05-12-2020
388,TX- BRYAN,83.04,14,13,18,80.98,86.86,14 [13 - 18],83.04% [80.98% - 86.86%],05-12-2020
390,TX- CORPUS CHRISTI,80.3,0,0,4,80.0,81.32,0 [0 - 4],80.3% [80.0% - 81.32%],05-12-2020
391,TX- DALLAS,83.25,396,352,480,80.75,87.73,396 [352 - 480],83.25% [80.75% - 87.73%],05-12-2020
393,TX- EL PASO,81.67,45,40,55,80.44,84.23,45 [40 - 55],81.67% [80.44% - 84.23%],05-12-2020
394,TX- FORT WORTH,83.44,169,148,204,80.68,87.87,169 [148 - 204],83.44% [80.68% - 87.87%],05-12-2020
396,TX- HARLINGEN,81.06,14,13,16,80.07,82.26,14 [13 - 16],81.06% [80.07% - 82.26%],05-12-2020
397,TX- HOUSTON,82.6,440,390,534,80.59,86.22,440 [390 - 534],82.6% [80.59% - 86.22%],05-12-2020
399,TX- LONGVIEW,80.91,0,0,2,80.0,82.77,0 [0 - 2],80.91% [80.0% - 82.77%],05-12-2020
400,TX- LUBBOCK,80.78,14,12,20,80.0,82.34,14 [12 - 20],80.78% [80.0% - 82.34%],05-12-2020
402,TX- MCALLEN,80.67,8,7,12,80.25,82.14,8 [7 - 12],80.67% [80.25% - 82.14%],05-12-2020
406,TX- ODESSA,80.96,7,6,7,80.0,80.93,7 [6 - 7],80.96% [80.0% - 80.93%],05-12-2020
411,TX- SAN ANGELO,80.0,0,0,0,80.0,80.87,0 [0 - 0],80.0% [80.0% - 80.87%],05-12-2020
412,TX- SAN ANTONIO,84.96,357,316,432,81.0,91.84,357 [316 - 432],84.96% [81.0% - 91.84%],05-12-2020
413,TX- TEMPLE,83.23,28,26,35,80.75,87.77,28 [26 - 35],83.23% [80.75% - 87.77%],05-12-2020
416,TX- TYLER,81.11,14,12,21,80.0,83.93,14 [12 - 21],81.11% [80.0% - 83.93%],05-12-2020
417,TX- VICTORIA,80.81,0,0,1,80.0,80.78,0 [0 - 1],80.81% [80.0% - 80.78%],05-12-2020
418,TX- WACO,83.1,14,13,20,81.01,88.54,14 [13 - 20],83.1% [81.01% - 88.54%],05-12-2020
420,TX- WICHITA FALLS,80.9,0,0,2,80.0,82.03,0 [0 - 2],80.9% [80.0% - 82.03%],05-12-2020
421,UT- OGDEN,81.9,7,7,13,80.55,87.12,7 [7 - 13],81.9% [80.55% - 87.12%],05-12-2020
422,UT- PROVO,81.68,14,13,21,80.44,86.65,14 [13 - 21],81.68% [80.44% - 86.65%],05-12-2020
423,UT- SALT LAKE CITY,81.1,42,38,62,80.3,84.56,42 [38 - 62],81.1% [80.3% - 84.56%],05-12-2020
424,VT- BURLINGTON,80.39,0,0,11,80.0,84.92,0 [0 - 11],80.39% [80.0% - 84.92%],05-12-2020
426,VA- ARLINGTON,120.59,1171,1068,1338,96.9,157.36,1171 [1068 - 1338],120.59% [96.9% - 157.36%],05-12-2020
427,VA- CHARLOTTESVILLE,88.21,114,101,152,81.5,105.16,114 [101 - 152],88.21% [81.5% - 105.16%],05-12-2020
428,VA- LYNCHBURG,83.19,18,14,27,80.0,89.57,18 [14 - 27],83.19% [80.0% - 89.57%],05-12-2020
429,VA- NEWPORT NEWS,97.1,191,171,246,84.65,127.32,191 [171 - 246],97.1% [84.65% - 127.32%],05-12-2020
430,VA- NORFOLK,91.89,319,285,415,83.58,113.51,319 [285 - 415],91.89% [83.58% - 113.51%],05-12-2020
431,VA- RICHMOND,91.47,536,475,681,82.96,110.83,536 [475 - 681],91.47% [82.96% - 110.83%],05-12-2020
432,VA- ROANOKE,81.24,28,24,43,80.0,84.55,28 [24 - 43],81.24% [80.0% - 84.55%],05-12-2020
435,VA- WINCHESTER,88.98,80,69,97,81.82,100.69,80 [69 - 97],88.98% [81.82% - 100.69%],05-12-2020
437,WA- EVERETT,99.75,159,144,191,86.82,125.55,159 [144 - 191],99.75% [86.82% - 125.55%],05-12-2020
438,WA- OLYMPIA,92.44,83,76,104,84.3,113.63,83 [76 - 104],92.44% [84.3% - 113.63%],05-12-2020
439,WA- SEATTLE,92.77,690,624,827,84.28,109.56,690 [624 - 827],92.77% [84.28% - 109.56%],05-12-2020
440,WA- SPOKANE,83.74,140,125,185,80.8,91.79,140 [125 - 185],83.74% [80.8% - 91.79%],05-12-2020
441,WA- TACOMA,97.0,206,186,248,85.62,120.1,206 [186 - 248],97.0% [85.62% - 120.1%],05-12-2020
442,WA- YAKIMA,86.81,36,31,48,81.04,100.21,36 [31 - 48],86.81% [81.04% - 100.21%],05-12-2020
443,WV- CHARLESTON,80.0,0,0,0,80.0,80.0,0 [0 - 0],80.0% [80.0% - 80.0%],05-12-2020
444,WV- HUNTINGTON,80.0,0,0,0,80.0,80.0,0 [0 - 0],80.0% [80.0% - 80.0%],05-12-2020
445,WV- MORGANTOWN,80.01,0,0,1,80.0,80.51,0 [0 - 1],80.01% [80.0% - 80.51%],05-12-2020
446,WI- APPLETON,85.49,28,25,36,80.81,92.97,28 [25 - 36],85.49% [80.81% - 92.97%],05-12-2020
447,WI- GREEN BAY,82.54,37,33,45,80.5,85.68,37 [33 - 45],82.54% [80.5% - 85.68%],05-12-2020
448,WI- LA CROSSE,85.96,55,49,63,80.73,91.2,55 [49 - 63],85.96% [80.73% - 91.2%],05-12-2020
449,WI- MADISON,87.42,220,196,258,82.03,95.75,220 [196 - 258],87.42% [82.03% - 95.75%],05-12-2020
450,WI- MARSHFIELD,81.94,18,16,24,80.0,84.92,18 [16 - 24],81.94% [80.0% - 84.92%],05-12-2020
451,WI- MILWAUKEE,87.67,630,567,740,82.47,96.44,630 [567 - 740],87.67% [82.47% - 96.44%],05-12-2020
452,WI- NEENAH,85.98,28,26,35,81.25,93.26,28 [26 - 35],85.98% [81.25% - 93.26%],05-12-2020
456,WI- WAUSAU,80.97,0,0,3,80.18,83.72,0 [0 - 3],80.97% [80.18% - 83.72%],05-12-2020
457,WY- CASPER,80.75,0,0,2,80.0,81.85,0 [0 - 2],80.75% [80.0% - 81.85%],05-12-2020
303,NY- NEW YORK,84.03,624,554,842,81.07,93.35,624 [554 - 842],84.03% [81.07% - 93.35%],05-12-2020
