HRRNum,Hospital Referral Region,Projected Demand (%),Hospitalizations (Median),Lower Hospitalization Bound,Upper Hospitalization Bound,Lower Projected Demand Bound,Upper Projected Demand Bound,Total Hospitalizations (Range),Total Projected Demand (Range),Max Occupied Beds,Lower Max Occupied Beds,Upper Max Occupied Beds,Last Update
1,AL- BIRMINGHAM,91.46,468,431,582,85.26,106.81,468 [431 - 582],91.46% [85.26% - 106.81%],967,444,2264,10-20-2020
2,AL- DOTHAN,82.61,14,13,18,80.98,87.08,14 [13 - 18],82.61% [80.98% - 87.08%],34,13,94,10-20-2020
5,AL- HUNTSVILLE,95.45,140,130,165,88.51,109.95,140 [130 - 165],95.45% [88.51% - 109.95%],290,160,563,10-20-2020
6,AL- MOBILE,84.78,60,56,73,82.14,89.94,60 [56 - 73],84.78% [82.14% - 89.94%],136,61,284,10-20-2020
7,AL- MONTGOMERY,94.24,105,98,140,86.66,118.62,105 [98 - 140],94.24% [86.66% - 118.62%],220,103,597,10-20-2020
9,AL- TUSCALOOSA,89.26,42,38,51,83.11,99.84,42 [38 - 51],89.26% [83.11% - 99.84%],92,31,198,10-20-2020
11,AZ- MESA,109.2,308,284,366,95.45,138.48,308 [284 - 366],109.2% [95.45% - 138.48%],578,306,1158,10-20-2020
12,AZ- PHOENIX,99.19,771,707,943,89.69,122.39,771 [707 - 943],99.19% [89.69% - 122.39%],1453,734,3211,10-20-2020
14,AZ- SUN CITY,92.87,52,49,63,86.67,106.05,52 [49 - 63],92.87% [86.67% - 106.05%],104,54,211,10-20-2020
15,AZ- TUCSON,88.39,101,92,134,83.61,102.78,101 [92 - 134],88.39% [83.61% - 102.78%],211,91,575,10-20-2020
16,AR- FORT SMITH,89.77,54,51,65,85.15,98.19,54 [51 - 65],89.77% [85.15% - 98.19%],125,66,233,10-20-2020
18,AR- JONESBORO,98.81,77,70,95,86.97,121.15,77 [70 - 95],98.81% [86.97% - 121.15%],170,63,372,10-20-2020
19,AR- LITTLE ROCK,86.71,195,180,226,83.38,92.99,195 [180 - 226],86.71% [83.38% - 92.99%],387,195,750,10-20-2020
21,AR- SPRINGDALE,91.48,53,50,62,86.43,100.91,53 [50 - 62],91.48% [86.43% - 100.91%],121,68,221,10-20-2020
22,AR- TEXARKANA,92.97,63,58,77,85.61,109.29,63 [58 - 77],92.97% [85.61% - 109.29%],127,55,287,10-20-2020
23,CA- ORANGE CO.,82.31,82,77,92,81.23,83.99,82 [77 - 92],82.31% [81.23% - 83.99%],176,94,305,10-20-2020
25,CA- BAKERSFIELD,81.89,28,27,32,81.11,83.29,28 [27 - 32],81.89% [81.11% - 83.29%],68,40,119,10-20-2020
31,CA- CHICO,81.59,0,0,1,80.0,83.12,0 [0 - 1],81.59% [80.0% - 83.12%],10,0,20,10-20-2020
33,CA- CONTRA COSTA CO.,82.41,21,20,24,81.3,84.19,21 [20 - 24],82.41% [81.3% - 84.19%],48,26,84,10-20-2020
43,CA- FRESNO,82.79,28,27,32,81.66,85.56,28 [27 - 32],82.79% [81.66% - 85.56%],63,38,127,10-20-2020
56,CA- LOS ANGELES,84.48,548,512,610,82.56,87.36,548 [512 - 610],84.48% [82.56% - 87.36%],1111,636,1826,10-20-2020
58,CA- MODESTO,93.04,107,98,158,85.41,127.35,107 [98 - 158],93.04% [85.41% - 127.35%],224,93,814,10-20-2020
62,CA- NAPA,81.61,0,0,1,80.0,83.44,0 [0 - 1],81.61% [80.0% - 83.44%],9,0,20,10-20-2020
65,CA- ALAMEDA CO.,80.92,11,10,13,80.47,81.63,11 [10 - 13],80.92% [80.47% - 81.63%],31,16,55,10-20-2020
69,CA- PALM SPR/RANCHO MIR.,82.5,7,7,9,81.33,83.99,7 [7 - 9],82.5% [81.33% - 83.99%],26,14,42,10-20-2020
73,CA- REDDING,89.52,49,46,59,83.97,98.21,49 [46 - 59],89.52% [83.97% - 98.21%],103,43,197,10-20-2020
77,CA- SACRAMENTO,82.29,49,45,60,80.96,84.95,49 [45 - 60],82.29% [80.96% - 84.95%],109,46,237,10-20-2020
78,CA- SALINAS,84.49,14,14,16,82.77,87.82,14 [14 - 16],84.49% [82.77% - 87.82%],35,22,62,10-20-2020
79,CA- SAN BERNARDINO,86.02,165,155,183,83.53,89.79,165 [155 - 183],86.02% [83.53% - 89.79%],348,204,566,10-20-2020
80,CA- SAN DIEGO,85.26,178,167,201,82.94,89.06,178 [167 - 201],85.26% [82.94% - 89.06%],369,207,637,10-20-2020
81,CA- SAN FRANCISCO,81.05,21,20,24,80.43,81.79,21 [20 - 24],81.05% [80.43% - 81.79%],53,22,91,10-20-2020
82,CA- SAN JOSE,82.1,28,27,34,81.09,84.36,28 [27 - 34],82.1% [81.09% - 84.36%],63,33,132,10-20-2020
83,CA- SAN LUIS OBISPO,84.44,7,7,8,82.19,86.58,7 [7 - 8],84.44% [82.19% - 86.58%],20,10,30,10-20-2020
85,CA- SAN MATEO CO.,80.98,7,7,9,80.48,81.56,7 [7 - 9],80.98% [80.48% - 81.56%],26,13,42,10-20-2020
86,CA- SANTA BARBARA,81.28,0,0,1,81.04,82.48,0 [0 - 1],81.28% [81.04% - 82.48%],12,10,24,10-20-2020
87,CA- SANTA CRUZ,83.42,0,0,0,81.95,83.62,0 [0 - 0],83.42% [81.95% - 83.62%],12,7,13,10-20-2020
89,CA- SANTA ROSA,84.09,35,33,40,82.2,86.82,35 [33 - 40],84.09% [82.2% - 86.82%],76,41,127,10-20-2020
91,CA- STOCKTON,81.37,2,2,3,80.75,82.45,2 [2 - 3],81.37% [80.75% - 82.45%],14,8,26,10-20-2020
96,CA- VENTURA,82.57,14,14,17,81.53,84.58,14 [14 - 17],82.57% [81.53% - 84.58%],40,24,72,10-20-2020
101,CO- BOULDER,84.13,7,7,7,81.68,85.05,7 [7 - 7],84.13% [81.68% - 85.05%],19,8,24,10-20-2020
102,CO- COLORADO SPRINGS,206.41,691,633,864,138.65,414.4,691 [633 - 864],206.41% [138.65% - 414.4%],1308,607,3461,10-20-2020
103,CO- DENVER,127.07,1179,1086,1383,104.56,172.57,1179 [1086 - 1383],127.07% [104.56% - 172.57%],2248,1173,4422,10-20-2020
104,CO- FORT COLLINS,137.25,191,177,231,108.33,197.84,191 [177 - 231],137.25% [108.33% - 197.84%],365,181,753,10-20-2020
105,CO- GRAND JUNCTION,117.26,158,146,194,100.08,162.2,158 [146 - 194],117.26% [100.08% - 162.2%],295,159,651,10-20-2020
106,CO- GREELEY,103.23,92,84,107,90.04,126.72,92 [84 - 107],103.23% [90.04% - 126.72%],180,78,363,10-20-2020
107,CO- PUEBLO,105.95,104,96,126,92.91,136.39,104 [96 - 126],105.95% [92.91% - 136.39%],207,103,450,10-20-2020
109,CT- BRIDGEPORT,106.22,236,219,272,94.63,129.62,236 [219 - 272],106.22% [94.63% - 129.62%],444,248,841,10-20-2020
110,CT- HARTFORD,117.97,658,606,758,100.09,149.16,658 [606 - 758],117.97% [100.09% - 149.16%],1236,654,2252,10-20-2020
111,CT- NEW HAVEN,131.77,1110,1007,1376,103.05,195.78,1110 [1007 - 1376],131.77% [103.05% - 195.78%],1994,888,4460,10-20-2020
112,DE- WILMINGTON,84.07,29,27,36,81.83,87.89,29 [27 - 36],84.07% [81.83% - 87.89%],75,34,147,10-20-2020
113,DC- WASHINGTON,89.98,276,257,324,85.56,99.86,276 [257 - 324],89.98% [85.56% - 99.86%],547,305,1090,10-20-2020
115,FL- BRADENTON,90.61,35,34,41,86.21,99.46,35 [34 - 41],90.61% [86.21% - 99.46%],75,44,138,10-20-2020
116,FL- CLEARWATER,85.55,42,40,52,82.99,92.28,42 [40 - 52],85.55% [82.99% - 92.28%],90,49,201,10-20-2020
118,FL- FORT LAUDERDALE,83.93,168,157,200,82.24,88.07,168 [157 - 200],83.93% [82.24% - 88.07%],341,195,702,10-20-2020
119,FL- FORT MYERS,87.23,139,131,164,84.21,93.8,139 [131 - 164],87.23% [84.21% - 93.8%],276,161,528,10-20-2020
120,FL- GAINESVILLE,83.73,28,27,37,82.39,89.83,28 [27 - 37],83.73% [82.39% - 89.83%],68,44,181,10-20-2020
122,FL- HUDSON,84.39,28,27,32,82.56,87.75,28 [27 - 32],84.39% [82.56% - 87.75%],54,32,97,10-20-2020
123,FL- JACKSONVILLE,86.05,144,133,183,83.16,94.6,144 [133 - 183],86.05% [83.16% - 94.6%],297,155,717,10-20-2020
124,FL- LAKELAND,84.95,21,20,25,82.9,88.43,21 [20 - 25],84.95% [82.9% - 88.43%],52,31,90,10-20-2020
127,FL- MIAMI,84.76,251,231,303,82.39,90.11,251 [231 - 303],84.76% [82.39% - 90.11%],513,258,1090,10-20-2020
129,FL- OCALA,82.65,14,13,16,81.75,84.75,14 [13 - 16],82.65% [81.75% - 84.75%],36,24,65,10-20-2020
130,FL- ORLANDO,84.88,252,235,287,82.83,88.73,252 [235 - 287],84.88% [82.83% - 88.73%],505,293,904,10-20-2020
131,FL- ORMOND BEACH,83.64,28,27,33,81.93,87.13,28 [27 - 33],83.64% [81.93% - 87.13%],60,32,118,10-20-2020
133,FL- PANAMA CITY,85.87,14,14,20,82.41,95.81,14 [14 - 20],85.87% [82.41% - 95.81%],39,16,105,10-20-2020
134,FL- PENSACOLA,89.1,105,98,132,85.15,101.71,105 [98 - 132],89.1% [85.15% - 101.71%],213,121,510,10-20-2020
137,FL- SARASOTA,85.75,38,36,46,83.39,91.42,38 [36 - 46],85.75% [83.39% - 91.42%],83,49,165,10-20-2020
139,FL- ST PETERSBURG,84.62,35,33,43,82.5,90.2,35 [33 - 43],84.62% [82.5% - 90.2%],73,40,163,10-20-2020
140,FL- TALLAHASSEE,86.64,84,78,109,83.41,96.13,84 [78 - 109],86.64% [83.41% - 96.13%],178,92,435,10-20-2020
141,FL- TAMPA,84.99,105,99,120,83.03,88.92,105 [99 - 120],84.99% [83.03% - 88.92%],212,129,380,10-20-2020
142,GA- ALBANY,81.21,0,0,3,81.13,82.82,0 [0 - 3],81.21% [81.13% - 82.82%],12,12,30,10-20-2020
144,GA- ATLANTA,93.67,824,763,1020,87.28,110.26,824 [763 - 1020],93.67% [87.28% - 110.26%],1637,872,3625,10-20-2020
145,GA- AUGUSTA,83.57,42,39,49,82.16,87.17,42 [39 - 49],83.57% [82.16% - 87.17%],87,53,176,10-20-2020
146,GA- COLUMBUS,81.67,7,6,10,80.0,84.29,7 [6 - 10],81.67% [80.0% - 84.29%],21,0,54,10-20-2020
147,GA- MACON,89.36,102,94,132,83.76,103.48,102 [94 - 132],89.36% [83.76% - 103.48%],209,84,525,10-20-2020
148,GA- ROME,95.95,49,45,61,86.01,113.33,49 [45 - 61],95.95% [86.01% - 113.33%],116,44,244,10-20-2020
149,GA- SAVANNAH,82.69,21,20,30,81.21,87.58,21 [20 - 30],82.69% [81.21% - 87.58%],55,25,156,10-20-2020
151,ID- BOISE,91.0,105,96,125,83.95,102.0,105 [96 - 125],91.0% [83.95% - 102.0%],228,82,457,10-20-2020
152,ID- IDAHO FALLS,99.68,37,34,49,87.16,128.81,37 [34 - 49],99.68% [87.16% - 128.81%],90,33,225,10-20-2020
154,IL- AURORA,118.42,103,96,124,101.44,160.65,103 [96 - 124],118.42% [101.44% - 160.65%],202,113,425,10-20-2020
155,IL- BLUE ISLAND,95.96,203,189,244,88.64,112.65,203 [189 - 244],95.96% [88.64% - 112.65%],404,219,828,10-20-2020
156,IL- CHICAGO,95.65,680,631,815,88.47,112.2,680 [631 - 815],95.65% [88.47% - 112.2%],1339,725,2756,10-20-2020
158,IL- ELGIN,127.3,264,245,317,105.51,177.33,264 [245 - 317],127.3% [105.51% - 177.33%],513,277,1057,10-20-2020
161,IL- EVANSTON,101.38,260,241,310,91.59,123.58,260 [241 - 310],101.38% [91.59% - 123.58%],516,280,1053,10-20-2020
163,IL- HINSDALE,103.95,134,125,156,93.36,125.27,134 [125 - 156],103.95% [93.36% - 125.27%],263,147,498,10-20-2020
164,IL- JOLIET,109.32,197,184,232,96.82,136.94,197 [184 - 232],109.32% [96.82% - 136.94%],388,223,755,10-20-2020
166,IL- MELROSE PARK,103.29,367,341,438,92.7,127.22,367 [341 - 438],103.29% [92.7% - 127.22%],720,393,1461,10-20-2020
170,IL- PEORIA,101.05,196,180,239,90.38,126.15,196 [180 - 239],101.05% [90.38% - 126.15%],391,193,858,10-20-2020
171,IL- ROCKFORD,118.33,288,263,347,97.05,161.91,288 [263 - 347],118.33% [97.05% - 161.91%],586,261,1254,10-20-2020
172,IL- SPRINGFIELD,108.5,364,332,457,93.16,149.47,364 [332 - 457],108.5% [93.16% - 149.47%],725,335,1768,10-20-2020
173,IL- URBANA,107.75,142,130,179,92.9,149.1,142 [130 - 179],107.75% [92.9% - 149.1%],288,134,718,10-20-2020
175,IL- BLOOMINGTON,98.69,21,20,27,89.36,122.7,21 [20 - 27],98.69% [89.36% - 122.7%],49,25,114,10-20-2020
179,IN- EVANSVILLE,101.98,213,197,264,91.44,129.44,213 [197 - 264],101.98% [91.44% - 129.44%],449,234,1011,10-20-2020
180,IN- FORT WAYNE,122.24,489,452,592,102.47,169.15,489 [452 - 592],122.24% [102.47% - 169.15%],934,497,1972,10-20-2020
181,IN- GARY,122.11,329,305,396,102.18,166.39,329 [305 - 396],122.11% [102.18% - 166.39%],634,334,1301,10-20-2020
183,IN- INDIANAPOLIS,116.37,1214,1116,1480,97.64,159.55,1214 [1116 - 1480],116.37% [97.64% - 159.55%],2333,1132,5105,10-20-2020
184,IN- LAFAYETTE,110.83,114,105,139,95.11,147.21,114 [105 - 139],110.83% [95.11% - 147.21%],228,112,498,10-20-2020
185,IN- MUNCIE,125.9,91,85,112,103.15,177.61,91 [85 - 112],125.9% [103.15% - 177.61%],192,97,409,10-20-2020
186,IN- MUNSTER,108.79,170,157,207,94.9,141.01,170 [157 - 207],108.79% [94.9% - 141.01%],332,172,704,10-20-2020
187,IN- SOUTH BEND,138.84,449,411,554,106.62,210.22,449 [411 - 554],138.84% [106.62% - 210.22%],899,407,1991,10-20-2020
188,IN- TERRE HAUTE,132.04,142,130,173,103.75,195.03,142 [130 - 173],132.04% [103.75% - 195.03%],280,128,620,10-20-2020
190,IA- CEDAR RAPIDS,91.45,63,58,72,85.11,100.07,63 [58 - 72],91.45% [85.11% - 100.07%],127,57,224,10-20-2020
191,IA- DAVENPORT,94.34,157,144,188,86.61,110.0,157 [144 - 188],94.34% [86.61% - 110.0%],318,147,667,10-20-2020
192,IA- DES MOINES,95.99,261,236,327,86.47,118.26,261 [236 - 327],95.99% [86.47% - 118.26%],526,213,1260,10-20-2020
193,IA- DUBUQUE,97.76,42,38,50,85.69,113.58,42 [38 - 50],97.76% [85.69% - 113.58%],96,31,183,10-20-2020
194,IA- IOWA CITY,86.99,63,58,78,82.68,94.67,63 [58 - 78],86.99% [82.68% - 94.67%],135,52,285,10-20-2020
195,IA- MASON CITY,83.75,7,6,10,80.0,88.87,7 [6 - 10],83.75% [80.0% - 88.87%],27,0,65,10-20-2020
196,IA- SIOUX CITY,87.9,38,33,50,81.24,100.67,38 [33 - 50],87.9% [81.24% - 100.67%],89,14,234,10-20-2020
197,IA- WATERLOO,97.66,51,46,62,87.82,116.93,51 [46 - 62],97.66% [87.82% - 116.93%],112,50,236,10-20-2020
200,KS- TOPEKA,85.03,37,34,45,82.33,90.86,37 [34 - 45],85.03% [82.33% - 90.86%],77,36,168,10-20-2020
201,KS- WICHITA,90.26,249,226,317,83.82,106.34,249 [226 - 317],90.26% [83.82% - 106.34%],508,189,1304,10-20-2020
203,KY- COVINGTON,91.6,63,59,77,85.99,104.89,63 [59 - 77],91.6% [85.99% - 104.89%],127,66,274,10-20-2020
204,KY- LEXINGTON,95.44,419,380,511,86.36,116.96,419 [380 - 511],95.44% [86.36% - 116.96%],804,331,1924,10-20-2020
205,KY- LOUISVILLE,103.76,579,532,704,91.52,131.99,579 [532 - 704],103.76% [91.52% - 131.99%],1144,555,2504,10-20-2020
207,KY- OWENSBORO,90.48,27,25,30,84.66,98.64,27 [25 - 30],90.48% [84.66% - 98.64%],49,22,88,10-20-2020
208,KY- PADUCAH,92.09,93,85,119,84.62,109.22,93 [85 - 119],92.09% [84.62% - 109.22%],196,75,474,10-20-2020
209,LA- ALEXANDRIA,83.86,21,20,26,82.12,91.2,21 [20 - 26],83.86% [82.12% - 91.2%],38,21,111,10-20-2020
210,LA- BATON ROUGE,82.36,22,20,28,81.01,85.28,22 [20 - 28],82.36% [81.01% - 85.28%],58,25,131,10-20-2020
212,LA- HOUMA,81.6,0,0,2,81.43,85.14,0 [0 - 2],81.6% [81.43% - 85.14%],11,10,36,10-20-2020
213,LA- LAFAYETTE,81.49,14,12,15,80.28,82.5,14 [12 - 15],81.49% [80.28% - 82.5%],32,6,54,10-20-2020
214,LA- LAKE CHARLES,82.51,7,7,9,81.16,85.2,7 [7 - 9],82.51% [81.16% - 85.2%],21,10,45,10-20-2020
216,LA- METAIRIE,82.73,7,7,9,81.19,85.14,7 [7 - 9],82.73% [81.19% - 85.14%],27,12,52,10-20-2020
217,LA- MONROE,84.85,18,16,23,81.08,92.0,18 [16 - 23],84.85% [81.08% - 92.0%],44,10,111,10-20-2020
218,LA- NEW ORLEANS,82.26,21,21,25,81.4,84.04,21 [21 - 25],82.26% [81.4% - 84.04%],54,34,98,10-20-2020
219,LA- SHREVEPORT,88.94,119,109,143,83.98,99.26,119 [109 - 143],88.94% [83.98% - 99.26%],244,109,527,10-20-2020
220,LA- SLIDELL,88.69,20,19,23,84.17,94.09,20 [19 - 23],88.69% [84.17% - 94.09%],43,21,71,10-20-2020
221,ME- BANGOR,104.36,142,128,197,87.52,167.25,142 [128 - 197],104.36% [87.52% - 167.25%],265,82,951,10-20-2020
222,ME- PORTLAND,85.18,70,63,101,81.41,99.05,70 [63 - 101],85.18% [81.41% - 99.05%],135,37,500,10-20-2020
223,MD- BALTIMORE,86.89,226,210,261,83.81,92.51,226 [210 - 261],86.89% [83.81% - 92.51%],464,257,844,10-20-2020
225,MD- SALISBURY,92.56,56,53,67,86.83,105.29,56 [53 - 67],92.56% [86.83% - 105.29%],117,64,237,10-20-2020
226,MD- TAKOMA PARK,93.34,84,79,93,87.77,102.14,84 [79 - 93],93.34% [87.77% - 102.14%],171,100,285,10-20-2020
227,MA- BOSTON,89.38,534,492,608,84.87,96.56,534 [492 - 608],89.38% [84.87% - 96.56%],1030,535,1819,10-20-2020
230,MA- SPRINGFIELD,84.33,35,32,39,82.0,87.37,35 [32 - 39],84.33% [82.0% - 87.37%],69,32,118,10-20-2020
231,MA- WORCESTER,86.69,54,50,61,83.23,91.39,54 [50 - 61],86.69% [83.23% - 91.39%],109,53,187,10-20-2020
232,MI- ANN ARBOR,95.08,258,241,304,88.7,109.35,258 [241 - 304],95.08% [88.7% - 109.35%],492,284,958,10-20-2020
233,MI- DEARBORN,84.31,33,31,38,82.49,87.42,33 [31 - 38],84.31% [82.49% - 87.42%],70,41,122,10-20-2020
234,MI- DETROIT,90.75,263,243,300,85.86,98.97,263 [243 - 300],90.75% [85.86% - 98.97%],500,273,884,10-20-2020
235,MI- FLINT,104.09,169,156,194,92.67,122.68,169 [156 - 194],104.09% [92.67% - 122.68%],319,168,566,10-20-2020
236,MI- GRAND RAPIDS,110.62,369,341,428,96.37,136.17,369 [341 - 428],110.62% [96.37% - 136.17%],706,378,1297,10-20-2020
238,MI- KALAMAZOO,110.2,231,214,272,95.78,137.41,231 [214 - 272],110.2% [95.78% - 137.41%],446,233,848,10-20-2020
239,MI- LANSING,100.43,140,128,175,89.06,128.86,140 [128 - 175],100.43% [89.06% - 128.86%],313,139,750,10-20-2020
240,MI- MARQUETTE,122.44,100,92,127,98.65,182.25,100 [92 - 127],122.44% [98.65% - 182.25%],207,91,499,10-20-2020
242,MI- MUSKEGON,101.74,61,57,77,92.13,126.46,61 [57 - 77],101.74% [92.13% - 126.46%],116,65,249,10-20-2020
243,MI- PETOSKEY,100.49,35,32,44,85.78,124.8,35 [32 - 44],100.49% [85.78% - 124.8%],70,20,155,10-20-2020
244,MI- PONTIAC,88.3,48,46,58,84.9,97.15,48 [46 - 58],88.3% [84.9% - 97.15%],98,58,203,10-20-2020
245,MI- ROYAL OAK,86.67,89,84,106,83.9,93.44,89 [84 - 106],86.67% [83.9% - 93.44%],176,103,355,10-20-2020
246,MI- SAGINAW,86.82,74,69,89,83.77,94.46,74 [69 - 89],86.82% [83.77% - 94.46%],142,79,303,10-20-2020
248,MI- ST JOSEPH,115.1,55,52,67,98.87,151.85,55 [52 - 67],115.1% [98.87% - 151.85%],106,57,217,10-20-2020
249,MI- TRAVERSE CITY,94.95,40,37,50,88.64,116.35,40 [37 - 50],94.95% [88.64% - 116.35%],76,44,185,10-20-2020
250,MN- DULUTH,95.29,90,82,106,86.02,110.9,90 [82 - 106],95.29% [86.02% - 110.9%],177,70,359,10-20-2020
251,MN- MINNEAPOLIS,96.51,698,646,823,88.43,112.91,698 [646 - 823],96.51% [88.43% - 112.91%],1405,718,2802,10-20-2020
253,MN- ROCHESTER,84.65,56,52,70,82.5,90.12,56 [52 - 70],84.65% [82.5% - 90.12%],120,65,263,10-20-2020
254,MN- ST CLOUD,118.56,135,123,168,98.25,169.82,135 [123 - 168],118.56% [98.25% - 169.82%],272,129,635,10-20-2020
256,MN- ST PAUL,113.94,400,371,476,98.64,147.61,400 [371 - 476],113.94% [98.64% - 147.61%],775,426,1545,10-20-2020
257,MS- GULFPORT,98.16,70,66,85,89.7,115.96,70 [66 - 85],98.16% [89.7% - 115.96%],140,75,278,10-20-2020
258,MS- HATTIESBURG,85.77,28,26,33,82.23,89.59,28 [26 - 33],85.77% [82.23% - 89.59%],69,27,116,10-20-2020
259,MS- JACKSON,87.67,170,154,217,83.17,98.92,170 [154 - 217],87.67% [83.17% - 98.92%],343,142,848,10-20-2020
260,MS- MERIDIAN,87.01,33,30,44,82.66,98.51,33 [30 - 44],87.01% [82.66% - 98.51%],68,26,181,10-20-2020
261,MS- OXFORD,83.62,7,7,11,80.47,88.15,7 [7 - 11],83.62% [80.47% - 88.15%],23,3,52,10-20-2020
262,MS- TUPELO,84.65,35,32,42,81.53,89.69,35 [32 - 42],84.65% [81.53% - 89.69%],75,25,158,10-20-2020
263,MO- CAPE GIRARDEAU,92.64,59,53,73,84.19,107.46,59 [53 - 73],92.64% [84.19% - 107.46%],129,43,282,10-20-2020
264,MO- COLUMBIA,103.02,204,186,255,88.84,133.31,204 [186 - 255],103.02% [88.84% - 133.31%],424,163,983,10-20-2020
267,MO- JOPLIN,117.12,167,150,224,92.47,193.84,167 [150 - 224],117.12% [92.47% - 193.84%],354,119,1086,10-20-2020
268,MO- KANSAS CITY,89.06,357,322,450,83.55,102.33,357 [322 - 450],89.06% [83.55% - 102.33%],718,281,1770,10-20-2020
270,MO- SPRINGFIELD,93.7,125,113,145,85.51,105.42,125 [113 - 145],93.7% [85.51% - 105.42%],268,108,498,10-20-2020
273,MO- ST LOUIS,90.3,627,577,752,85.2,102.09,627 [577 - 752],90.3% [85.2% - 102.09%],1256,634,2695,10-20-2020
274,MT- BILLINGS,105.84,276,251,348,90.14,145.82,276 [251 - 348],105.84% [90.14% - 145.82%],570,224,1454,10-20-2020
275,MT- GREAT FALLS,93.43,46,42,63,84.47,118.88,46 [42 - 63],93.43% [84.47% - 118.88%],108,36,313,10-20-2020
276,MT- MISSOULA,110.31,172,156,219,92.68,154.63,172 [156 - 219],110.31% [92.68% - 154.63%],351,147,865,10-20-2020
277,NE- LINCOLN,94.9,131,118,162,85.55,115.17,131 [118 - 162],94.9% [85.55% - 115.17%],273,102,646,10-20-2020
278,NE- OMAHA,96.19,440,396,546,85.84,117.53,440 [396 - 546],96.19% [85.84% - 117.53%],884,319,2052,10-20-2020
279,NV- LAS VEGAS,98.44,378,351,434,89.87,113.02,378 [351 - 434],98.44% [89.87% - 113.02%],752,403,1348,10-20-2020
280,NV- RENO,93.81,137,128,164,87.6,108.06,137 [128 - 164],93.81% [87.6% - 108.06%],265,146,539,10-20-2020
281,NH- LEBANON,85.43,32,29,39,81.44,92.67,32 [29 - 39],85.43% [81.44% - 92.67%],52,14,123,10-20-2020
282,NH- MANCHESTER,93.03,141,130,167,86.48,105.28,141 [130 - 167],93.03% [86.48% - 105.28%],257,128,499,10-20-2020
283,NJ- CAMDEN,89.37,383,353,432,84.73,95.86,383 [353 - 432],89.37% [84.73% - 95.86%],748,378,1267,10-20-2020
284,NJ- HACKENSACK,98.75,376,346,447,89.44,117.33,376 [346 - 447],98.75% [89.44% - 117.33%],699,352,1392,10-20-2020
285,NJ- MORRISTOWN,99.69,205,187,252,89.23,123.46,205 [187 - 252],99.69% [89.23% - 123.46%],379,178,838,10-20-2020
288,NJ- NEW BRUNSWICK,87.27,99,91,114,83.69,92.87,99 [91 - 114],87.27% [83.69% - 92.87%],201,102,356,10-20-2020
289,NJ- NEWARK,110.89,833,769,1007,96.77,143.51,833 [769 - 1007],110.89% [96.77% - 143.51%],1501,815,3087,10-20-2020
291,NJ- PATERSON,95.4,93,87,110,88.32,108.86,93 [87 - 110],95.4% [88.32% - 108.86%],181,98,340,10-20-2020
292,NJ- RIDGEWOOD,107.53,110,101,129,92.5,133.03,110 [101 - 129],107.53% [92.5% - 133.03%],218,99,420,10-20-2020
293,NM- ALBUQUERQUE,183.22,1881,1726,2343,132.07,314.42,1881 [1726 - 2343],183.22% [132.07% - 314.42%],3467,1749,7874,10-20-2020
295,NY- ALBANY,103.79,623,561,814,89.29,145.67,623 [561 - 814],103.79% [89.29% - 145.67%],1172,458,3237,10-20-2020
296,NY- BINGHAMTON,180.3,497,455,610,127.47,297.12,497 [455 - 610],180.3% [127.47% - 297.12%],931,441,2017,10-20-2020
297,NY- BRONX,94.97,287,246,431,80.66,135.3,287 [246 - 431],94.97% [80.66% - 135.3%],541,24,2002,10-20-2020
299,NY- BUFFALO,92.91,242,221,296,86.31,107.04,242 [221 - 296],92.91% [86.31% - 107.04%],463,227,972,10-20-2020
300,NY- ELMIRA,99.94,110,101,127,90.12,118.44,110 [101 - 127],99.94% [90.12% - 118.44%],214,109,414,10-20-2020
301,NY- EAST LONG ISLAND,94.47,902,796,1119,83.8,109.36,902 [796 - 1119],94.47% [83.8% - 109.36%],1583,416,3212,10-20-2020
304,NY- ROCHESTER,128.0,789,722,986,103.24,189.49,789 [722 - 986],128.0% [103.24% - 189.49%],1420,688,3241,10-20-2020
307,NY- SYRACUSE,106.68,408,377,514,94.02,143.15,408 [377 - 514],106.68% [94.02% - 143.15%],753,396,1784,10-20-2020
308,NY- WHITE PLAINS,100.49,313,286,368,89.43,120.38,313 [286 - 368],100.49% [89.43% - 120.38%],608,280,1199,10-20-2020
309,NC- ASHEVILLE,89.45,89,82,106,84.95,99.54,89 [82 - 106],89.45% [84.95% - 99.54%],177,93,367,10-20-2020
311,NC- CHARLOTTE,92.1,345,322,396,86.68,101.93,345 [322 - 396],92.1% [86.68% - 101.93%],700,387,1270,10-20-2020
312,NC- DURHAM,90.67,241,222,284,85.15,100.6,241 [222 - 284],90.67% [85.15% - 100.6%],492,238,951,10-20-2020
313,NC- GREENSBORO,95.88,142,132,163,88.81,108.09,142 [132 - 163],95.88% [88.81% - 108.09%],284,158,504,10-20-2020
314,NC- GREENVILLE,94.0,171,157,202,86.54,107.22,171 [157 - 202],94.0% [86.54% - 107.22%],351,164,683,10-20-2020
315,NC- HICKORY,107.93,111,102,130,93.5,137.75,111 [102 - 130],107.93% [93.5% - 137.75%],208,101,432,10-20-2020
318,NC- RALEIGH,91.27,231,213,264,85.86,100.12,231 [213 - 264],91.27% [85.86% - 100.12%],477,248,852,10-20-2020
319,NC- WILMINGTON,88.37,45,42,52,84.11,93.89,45 [42 - 52],88.37% [84.11% - 93.89%],101,50,169,10-20-2020
320,NC- WINSTON-SALEM,94.1,270,250,313,87.55,106.29,270 [250 - 313],94.1% [87.55% - 106.29%],519,278,968,10-20-2020
321,ND- BISMARCK,93.69,47,41,69,81.19,127.73,47 [41 - 69],93.69% [81.19% - 127.73%],114,10,400,10-20-2020
322,ND- FARGO MOORHEAD -MN,102.77,220,200,285,89.07,138.95,220 [200 - 285],102.77% [89.07% - 138.95%],461,184,1196,10-20-2020
323,ND- GRAND FORKS,101.54,59,54,77,88.18,136.73,59 [54 - 77],101.54% [88.18% - 136.73%],126,48,333,10-20-2020
324,ND- MINOT,93.08,37,33,51,83.86,116.71,37 [33 - 51],93.08% [83.86% - 116.71%],91,27,257,10-20-2020
325,OH- AKRON,92.18,155,144,187,86.31,105.8,155 [144 - 187],92.18% [86.31% - 105.8%],295,153,626,10-20-2020
326,OH- CANTON,107.18,303,280,392,93.57,147.38,303 [280 - 392],107.18% [93.57% - 147.38%],574,287,1425,10-20-2020
327,OH- CINCINNATI,113.94,855,791,1056,97.94,155.74,855 [791 - 1056],113.94% [97.94% - 155.74%],1627,860,3631,10-20-2020
328,OH- CLEVELAND,85.26,240,223,290,82.66,91.15,240 [223 - 290],85.26% [82.66% - 91.15%],464,235,984,10-20-2020
329,OH- COLUMBUS,102.96,1080,993,1351,91.37,133.66,1080 [993 - 1351],102.96% [91.37% - 133.66%],2056,1018,4805,10-20-2020
330,OH- DAYTON,105.03,422,392,507,94.05,131.99,422 [392 - 507],105.03% [94.05% - 131.99%],817,459,1699,10-20-2020
331,OH- ELYRIA,88.1,27,26,35,84.41,98.62,27 [26 - 35],88.1% [84.41% - 98.62%],58,32,135,10-20-2020
332,OH- KETTERING,101.96,127,118,149,92.28,121.7,127 [118 - 149],101.96% [92.28% - 121.7%],253,142,482,10-20-2020
334,OH- TOLEDO,88.17,179,164,212,83.94,95.9,179 [164 - 212],88.17% [83.94% - 95.9%],342,165,666,10-20-2020
335,OH- YOUNGSTOWN,88.42,114,106,132,84.46,94.73,114 [106 - 132],88.42% [84.46% - 94.73%],218,116,383,10-20-2020
336,OK- LAWTON,88.98,28,26,33,84.21,96.69,28 [26 - 33],88.98% [84.21% - 96.69%],64,30,119,10-20-2020
339,OK- OKLAHOMA CITY,91.93,388,359,462,86.12,104.35,388 [359 - 462],91.93% [86.12% - 104.35%],784,403,1602,10-20-2020
340,OK- TULSA,89.62,234,216,273,84.58,98.3,234 [216 - 273],89.62% [84.58% - 98.3%],483,230,919,10-20-2020
341,OR- BEND,117.93,80,69,113,87.16,200.0,80 [69 - 113],117.93% [87.16% - 200.0%],153,29,486,10-20-2020
342,OR- EUGENE,90.47,58,53,68,84.0,100.85,58 [53 - 68],90.47% [84.0% - 100.85%],123,47,245,10-20-2020
343,OR- MEDFORD,97.91,84,73,109,84.77,132.85,84 [73 - 109],97.91% [84.77% - 132.85%],172,46,510,10-20-2020
344,OR- PORTLAND,90.49,289,267,343,85.46,101.2,289 [267 - 343],90.49% [85.46% - 101.2%],549,286,1110,10-20-2020
345,OR- SALEM,92.26,21,20,24,85.96,97.43,21 [20 - 24],92.26% [85.96% - 97.43%],53,26,76,10-20-2020
346,PA- ALLENTOWN,92.73,219,201,262,86.37,105.4,219 [201 - 262],92.73% [86.37% - 105.4%],402,201,802,10-20-2020
347,PA- ALTOONA,116.84,126,115,160,96.26,172.23,126 [115 - 160],116.84% [96.26% - 172.23%],256,113,641,10-20-2020
350,PA- DANVILLE,82.89,21,19,28,81.38,88.29,21 [19 - 28],82.89% [81.38% - 88.29%],43,21,126,10-20-2020
351,PA- ERIE,108.2,351,321,492,93.25,163.69,351 [321 - 492],108.2% [93.25% - 163.69%],627,295,1863,10-20-2020
352,PA- HARRISBURG,97.82,214,200,250,90.21,113.17,214 [200 - 250],97.82% [90.21% - 113.17%],408,234,760,10-20-2020
354,PA- JOHNSTOWN,94.48,53,48,63,87.43,106.62,53 [48 - 63],94.48% [87.43% - 106.62%],107,55,197,10-20-2020
355,PA- LANCASTER,88.45,49,46,55,84.7,94.36,49 [46 - 55],88.45% [84.7% - 94.36%],100,56,171,10-20-2020
356,PA- PHILADELPHIA,86.1,388,360,445,83.27,90.92,388 [360 - 445],86.1% [83.27% - 90.92%],759,407,1360,10-20-2020
357,PA- PITTSBURGH,94.45,901,829,1118,87.51,112.92,901 [829 - 1118],94.45% [87.51% - 112.92%],1686,876,3843,10-20-2020
358,PA- READING,99.55,145,136,169,91.17,115.6,145 [136 - 169],99.55% [91.17% - 115.6%],278,159,507,10-20-2020
359,PA- SAYRE,176.14,240,220,293,124.59,293.16,240 [220 - 293],176.14% [124.59% - 293.16%],452,210,1004,10-20-2020
360,PA- SCRANTON,112.85,152,141,185,97.46,149.95,152 [141 - 185],112.85% [97.46% - 149.95%],289,154,617,10-20-2020
362,PA- WILKES-BARRE,142.95,229,212,295,112.82,235.42,229 [212 - 295],142.95% [112.82% - 235.42%],412,215,1018,10-20-2020
363,PA- YORK,88.92,35,34,39,85.54,95.52,35 [34 - 39],88.92% [85.54% - 95.52%],74,46,129,10-20-2020
364,RI- PROVIDENCE,106.54,440,408,517,94.5,130.83,440 [408 - 517],106.54% [94.5% - 130.83%],831,454,1592,10-20-2020
365,SC- CHARLESTON,93.23,201,185,256,86.28,113.66,201 [185 - 256],93.23% [86.28% - 113.66%],393,187,1002,10-20-2020
366,SC- COLUMBIA,82.61,42,40,51,81.41,85.31,42 [40 - 51],82.61% [81.41% - 85.31%],98,53,199,10-20-2020
367,SC- FLORENCE,86.95,42,39,49,83.06,92.45,42 [39 - 49],86.95% [83.06% - 92.45%],93,41,167,10-20-2020
368,SC- GREENVILLE,87.3,84,78,95,84.1,92.83,84 [78 - 95],87.3% [84.1% - 92.83%],174,98,307,10-20-2020
369,SC- SPARTANBURG,87.68,35,34,43,84.34,95.74,35 [34 - 43],87.68% [84.34% - 95.74%],81,46,167,10-20-2020
370,SD- RAPID CITY,107.61,85,76,107,90.47,142.65,85 [76 - 107],107.61% [90.47% - 142.65%],189,72,431,10-20-2020
371,SD- SIOUX FALLS,105.75,338,299,449,86.38,154.8,338 [299 - 449],105.75% [86.38% - 154.8%],714,177,2075,10-20-2020
373,TN- CHATTANOOGA,85.77,63,57,73,82.23,91.33,63 [57 - 73],85.77% [82.23% - 91.33%],129,50,254,10-20-2020
374,TN- JACKSON,82.13,7,7,11,80.37,85.78,7 [7 - 11],82.13% [80.37% - 85.78%],28,5,78,10-20-2020
375,TN- JOHNSON CITY,88.11,35,32,42,82.77,96.6,35 [32 - 42],88.11% [82.77% - 96.6%],76,26,156,10-20-2020
376,TN- KINGSPORT,102.87,242,224,297,91.58,131.71,242 [224 - 297],102.87% [91.58% - 131.71%],454,230,1027,10-20-2020
377,TN- KNOXVILLE,90.42,223,206,266,84.86,101.34,223 [206 - 266],90.42% [84.86% - 101.34%],434,203,891,10-20-2020
379,TN- MEMPHIS,86.71,203,184,253,82.9,95.8,203 [184 - 253],86.71% [82.9% - 95.8%],424,183,998,10-20-2020
380,TN- NASHVILLE,89.74,417,379,493,84.07,99.39,417 [379 - 493],89.74% [84.07% - 99.39%],832,348,1659,10-20-2020
382,TX- ABILENE,94.99,98,90,123,86.63,114.34,98 [90 - 123],94.99% [86.63% - 114.34%],199,88,456,10-20-2020
383,TX- AMARILLO,103.35,169,151,224,87.39,148.71,169 [151 - 224],103.35% [87.39% - 148.71%],350,111,1032,10-20-2020
385,TX- AUSTIN,85.0,84,78,99,82.54,90.03,84 [78 - 99],85.0% [82.54% - 90.03%],174,89,351,10-20-2020
386,TX- BEAUMONT,82.38,14,14,16,81.53,84.74,14 [14 - 16],82.38% [81.53% - 84.74%],32,21,65,10-20-2020
388,TX- BRYAN,100.41,62,58,75,89.48,123.14,62 [58 - 75],100.41% [89.48% - 123.14%],124,58,264,10-20-2020
390,TX- CORPUS CHRISTI,80.3,0,0,0,80.0,80.49,0 [0 - 0],80.3% [80.0% - 80.49%],6,0,10,10-20-2020
391,TX- DALLAS,90.15,615,566,715,84.95,99.35,615 [566 - 715],90.15% [84.95% - 99.35%],1242,606,2369,10-20-2020
393,TX- EL PASO,166.69,1159,1042,1534,109.14,320.0,1159 [1042 - 1534],166.69% [109.14% - 320.0%],2379,800,6588,10-20-2020
394,TX- FORT WORTH,100.69,520,483,598,91.4,117.33,520 [483 - 598],100.69% [91.4% - 117.33%],1035,571,1869,10-20-2020
396,TX- HARLINGEN,85.71,35,33,45,82.89,93.75,35 [33 - 45],85.71% [82.89% - 93.75%],81,41,195,10-20-2020
397,TX- HOUSTON,82.11,174,162,202,81.15,83.98,174 [162 - 202],82.11% [81.15% - 83.98%],360,196,679,10-20-2020
399,TX- LONGVIEW,86.41,21,20,24,83.5,91.52,21 [20 - 24],86.41% [83.5% - 91.52%],43,24,79,10-20-2020
400,TX- LUBBOCK,110.42,346,308,442,89.21,158.03,346 [308 - 442],110.42% [89.21% - 158.03%],727,220,1865,10-20-2020
402,TX- MCALLEN,83.99,27,26,30,82.33,86.37,27 [26 - 30],83.99% [82.33% - 86.37%],63,37,101,10-20-2020
406,TX- ODESSA,95.19,98,90,120,87.89,112.59,98 [90 - 120],95.19% [87.89% - 112.59%],196,102,421,10-20-2020
411,TX- SAN ANGELO,90.78,28,27,39,84.66,108.82,28 [27 - 39],90.78% [84.66% - 108.82%],74,32,198,10-20-2020
412,TX- SAN ANTONIO,82.54,83,77,99,81.42,85.71,83 [77 - 99],82.54% [81.42% - 85.71%],183,103,413,10-20-2020
413,TX- TEMPLE,88.58,35,33,44,83.62,97.57,35 [33 - 44],88.58% [83.62% - 97.57%],80,34,165,10-20-2020
416,TX- TYLER,88.21,63,59,74,84.24,95.4,63 [59 - 74],88.21% [84.24% - 95.4%],131,68,247,10-20-2020
417,TX- VICTORIA,80.0,0,0,1,80.0,82.22,0 [0 - 1],80.0% [80.0% - 82.22%],0,0,17,10-20-2020
418,TX- WACO,89.65,21,21,26,85.7,97.76,21 [21 - 26],89.65% [85.7% - 97.76%],57,34,106,10-20-2020
420,TX- WICHITA FALLS,132.81,174,157,230,100.0,225.22,174 [157 - 230],132.81% [100.0% - 225.22%],364,138,1002,10-20-2020
421,UT- OGDEN,111.97,119,111,139,95.89,139.32,119 [111 - 139],111.97% [95.89% - 139.32%],233,116,433,10-20-2020
422,UT- PROVO,96.5,68,64,79,89.09,111.37,68 [64 - 79],96.5% [89.09% - 111.37%],148,82,283,10-20-2020
423,UT- SALT LAKE CITY,101.94,433,397,521,90.35,126.08,433 [397 - 521],101.94% [90.35% - 126.08%],866,409,1820,10-20-2020
424,VT- BURLINGTON,90.7,97,84,180,81.89,151.84,97 [84 - 180],90.7% [81.89% - 151.84%],169,30,1138,10-20-2020
426,VA- ARLINGTON,105.54,379,353,461,94.31,135.51,379 [353 - 461],105.54% [94.31% - 135.51%],738,414,1606,10-20-2020
427,VA- CHARLOTTESVILLE,92.35,82,74,100,83.42,105.23,82 [74 - 100],92.35% [83.42% - 105.23%],173,48,354,10-20-2020
428,VA- LYNCHBURG,113.22,132,123,155,96.09,142.9,132 [123 - 155],113.22% [96.09% - 142.9%],249,121,473,10-20-2020
429,VA- NEWPORT NEWS,99.44,116,108,142,90.1,119.68,116 [108 - 142],99.44% [90.1% - 119.68%],221,115,452,10-20-2020
430,VA- NORFOLK,87.75,100,92,118,84.03,95.74,100 [92 - 118],87.75% [84.03% - 95.74%],209,109,426,10-20-2020
431,VA- RICHMOND,97.28,411,379,517,88.66,123.62,411 [379 - 517],97.28% [88.66% - 123.62%],812,407,2050,10-20-2020
432,VA- ROANOKE,105.19,356,327,444,91.88,139.09,356 [327 - 444],105.19% [91.88% - 139.09%],703,332,1651,10-20-2020
435,VA- WINCHESTER,122.34,212,197,254,102.51,164.67,212 [197 - 254],122.34% [102.51% - 164.67%],395,210,790,10-20-2020
437,WA- EVERETT,111.06,138,127,175,94.86,154.18,138 [127 - 175],111.06% [94.86% - 154.18%],254,122,609,10-20-2020
438,WA- OLYMPIA,89.98,35,33,42,84.3,100.44,35 [33 - 42],89.98% [84.3% - 100.44%],67,29,138,10-20-2020
439,WA- SEATTLE,88.17,231,213,268,84.21,95.05,231 [213 - 268],88.17% [84.21% - 95.05%],444,229,819,10-20-2020
440,WA- SPOKANE,91.14,203,187,242,85.67,102.61,203 [187 - 242],91.14% [85.67% - 102.61%],418,213,850,10-20-2020
441,WA- TACOMA,99.93,128,118,146,90.59,115.04,128 [118 - 146],99.93% [90.59% - 115.04%],244,130,430,10-20-2020
442,WA- YAKIMA,98.39,54,51,67,89.67,119.38,54 [51 - 67],98.39% [89.67% - 119.38%],106,56,228,10-20-2020
443,WV- CHARLESTON,102.17,263,238,344,89.15,140.82,263 [238 - 344],102.17% [89.15% - 140.82%],537,222,1475,10-20-2020
444,WV- HUNTINGTON,92.54,105,97,126,85.82,106.12,105 [97 - 126],92.54% [85.82% - 106.12%],206,96,431,10-20-2020
445,WV- MORGANTOWN,96.69,154,140,204,86.75,133.26,154 [140 - 204],96.69% [86.75% - 133.26%],294,119,939,10-20-2020
446,WI- APPLETON,100.31,53,48,68,87.29,132.84,53 [48 - 68],100.31% [87.29% - 132.84%],125,45,326,10-20-2020
447,WI- GREEN BAY,91.68,83,76,102,84.87,105.48,83 [76 - 102],91.68% [84.87% - 105.48%],186,78,408,10-20-2020
448,WI- LA CROSSE,88.86,40,37,45,84.08,95.08,40 [37 - 45],88.86% [84.08% - 95.08%],84,39,144,10-20-2020
449,WI- MADISON,97.42,259,238,312,88.44,116.92,259 [238 - 312],97.42% [88.44% - 116.92%],524,254,1111,10-20-2020
450,WI- MARSHFIELD,100.05,117,108,143,89.68,123.04,117 [108 - 143],100.05% [89.68% - 123.04%],236,114,507,10-20-2020
451,WI- MILWAUKEE,93.57,554,512,659,86.91,107.56,554 [512 - 659],93.57% [86.91% - 107.56%],1119,570,2274,10-20-2020
452,WI- NEENAH,98.84,46,42,58,87.35,125.7,46 [42 - 58],98.84% [87.35% - 125.7%],105,41,255,10-20-2020
456,WI- WAUSAU,105.0,65,60,82,90.44,139.82,65 [60 - 82],105.0% [90.44% - 139.82%],141,59,338,10-20-2020
457,WY- CASPER,101.39,75,69,90,88.99,122.65,75 [69 - 90],101.39% [88.99% - 122.65%],149,63,299,10-20-2020
303,NY- NEW YORK,86.93,628,533,945,80.03,103.28,628 [533 - 945],86.93% [80.03% - 103.28%],1078,4,3619,10-20-2020
